id,last_name,dob,city,state,country,phone_number,email
0,Pennetta,02/10/1999,Sesto Giacinto sardo,Livorno,Italia,+39 981 6236342,bferrante@padovano-monte.com
1,Micheletti,19/12/1985,Zito a mare,Enna,Italia,+39 35 81503328,giacomo07@hotmail.com
2,Foà,02/09/1960,San Ninetta,Treviso,Italia,+39 2477 73002209,
3,Garibaldi,04/07/1935,Sesto Germana,Oristano,Italia,+39 95 49939426,ermanno04@tele2.it
4,Rienzo,12/05/1992,Smirnoff sardo,Ancona,Italia,+39 88 78097494,speriserafina@zoppetti.it
5,Savorgnan,22/05/1987,Pacomio umbro,Milano,Italia,,rodolfonatta@farina.it
6,Mazzi,16/01/1964,Filippo calabro,Brindisi,Italia,+39 476 38794658,
7,Zacchia,16/05/1942,San Claudia salentino,Caserta,Italia,+39 582 24120563,donna02@tele2.it
8,Magrassi,10/03/1971,Quarto Marcantonio veneto,Livorno,Italia,+39 854 5557324,mmorabito@pincherle-gabba.it
9,Piacentini,05/12/1965,Jacopo veneto,Frosinone,Italia,+39 3961 39004371,gpanicucci@gmail.com
10,Mannoia,09/04/1957,Borgo Simone,Benevento,Italia,+39 36 7594559,hgemito@pizziol-canil.com
11,Pavanello,07/11/1935,,Piacenza,Italia,+39 172 7565789,sabatino35@yahoo.com
12,Gelli,28/06/1972,Settimo Nino,Fermo,Italia,+39 50 8943890,alessandramontesano@porzio.it
13,Ravaglioli,04/11/1956,Alberto ligure,Pavia,Italia,+39 3111 62281254,tturati@live.com
14,Niggli,05/11/1987,Sesto Costanzo del friuli,Pistoia,Italia,+39 532 27149229,morandinileone@alice.it
15,Falier,16/01/1951,Quarto Graziano,Venezia,Italia,+39 21 59003890,fabiocarpaccio@bosurgi-tomei.it
16,Argurio,17/01/1992,Borgo Paola a mare,Rovigo,Italia,+39 54 9298589,
17,Omma,20/05/1955,Borgo Laura laziale,Sondrio,Italia,+39 746 2481229,alfio11@vodafone.it
18,Gioberti,15/12/1992,Sesto Romolo laziale,Pistoia,Italia,+39 500 73 39 1692,ferdinandomantegazza@travia.it
19,Marrone,20/02/1973,Cesare terme,Grosseto,Italia,+39 253 16 14 7781,
20,Borsiere,14/04/1935,Settimo Giovanna,Massa-Carrara,Italia,+39 4106 3788916,lara07@poste.it
21,Capuana,22/09/1993,Pelli ligure,Oristano,,,lidia24@peranda.it
22,Gonzaga,28/05/1964,Sesto Gioacchino,Siena,Italia,+39 82 6684820,mfoa@ammaniti.it
23,Anguissola,10/07/2002,Sesto Sandro,Livorno,Italia,+39 02 4437742,allegraloredan@poste.it
24,Gori,08/07/1998,,Ogliastra,,+39 4619 1330784,
25,Cardano,19/05/1979,Settimo Beppe,Varese,,+39 61 8959896,lcammarata@vodafone.it
26,Boito,14/04/1952,Paloma sardo,Lecco,Italia,+39 029 43 45 8351,pergolesipaola@tosto.net
27,Garibaldi,05/04/1973,Stefania sardo,Ogliastra,Italia,+39 080 55905937,gianluigi61@tin.it
28,Mazzanti,10/04/1999,Quarto Sonia,Como,Italia,+39 48 93622575,gregoriciro@turchi-sibilia.com
29,Cibin,01/11/1961,,Salerno,Italia,+39 1799 2551343,giulietta24@virgilio.it
30,Roccabonella,27/05/1976,Quarto Anita ligure,Barletta-Andria-Trani,Italia,+39 39 6084709,giorgioabbagnale@hotmail.com
31,Mancini,17/04/1937,Settimo Rocco calabro,Brescia,Italia,+39 975 10 05 5451,rossinicoriolano@alice.it
32,Spadafora,15/11/2003,Borgo Giulietta veneto,Reggio Calabria,Italia,+39 085 3329315,rossettirosario@durante.org
33,Travia,24/05/1960,Lamberto terme,Benevento,Italia,+39 1592 7846783,patrizia04@hotmail.it
34,Cicilia,15/02/1987,San Federica veneto,Trento,Italia,+39 35 0704462,
35,Giannone,14/02/1975,Borgo Paride,Cuneo,Italia,+39 52 7259778,fabrizialuxardo@manunta.net
36,Cuda,26/08/1957,Sesto Ernesto,Avellino,Italia,+39 674 8816783,antonionimarina@scaduto-nitto.com
37,Paltrinieri,09/12/1958,Sesto Fedele,Parma,Italia,+39 37 7640033,acamicione@fastwebnet.it
38,Accardo,22/10/1963,Borgo Armando,Taranto,Italia,+39 0463 21425500,vezzaligloria@gmail.com
39,Tirabassi,17/05/1992,San Veronica,Taranto,Italia,+39 34 15833099,nordiostella@barcaccia.it
40,Buscetta,04/07/1955,Sesto Cipriano del friuli,Lucca,Italia,+39 934 90885222,zmorabito@libero.it
41,Prada,29/06/1962,Ettore lido,Barletta-Andria-Trani,Italia,+39 5386 6659186,
42,Cabrini,04/06/1988,,Lecco,Italia,+39 4189 9589689,bbiagiotti@sobrero.com
43,Troisi,21/02/1935,San Coluccio a mare,Barletta-Andria-Trani,Italia,+39 5767 17135965,augustolopresti@fastwebnet.it
44,Manunta,12/02/1967,Borgo Nedda del friuli,Reggio Emilia,Italia,+39 4096 76742004,annamaria50@salvo.eu
45,Battaglia,19/01/1936,Tropea umbro,Perugia,Italia,,vasarilamberto@benigni.com
46,Comboni,14/02/1941,Settimo Raffaellino laziale,Brindisi,Italia,+39 9003 6348010,pbalotelli@lattuada.net
47,Galilei,29/08/1933,Sesto Giorgia,Barletta-Andria-Trani,Italia,+39 9956 85625594,
48,Prodi,27/06/1997,Tassoni salentino,Carbonia-Iglesias,Italia,+39 2482 77554620,tatianataliani@live.com
49,Sgalambro,21/01/1983,Montanari umbro,Viterbo,Italia,+39 0941 48137202,almagiacarlo@live.com
50,Leonardi,28/12/1954,Quarto Alessio laziale,Fermo,Italia,+39 160 89 15 4019,tatianadoglioni@tele2.it
51,Govoni,02/03/1984,Trupiano veneto,Barletta-Andria-Trani,Italia,+39 0591 17394293,kguarato@hotmail.com
52,Deledda,26/05/1978,Marino umbro,Ascoli Piceno,Italia,+39 991 47 41 5775,npalmisano@paolini.com
53,Deledda,14/04/2002,Storladi calabro,Terni,Italia,+39 996 8598665,pasqualmezzetta@civaschi-binaghi.com
54,Nosiglia,02/10/1995,Giulio salentino,Venezia,Italia,+39 6259 47826943,gtrincavelli@poste.it
55,Florio,07/09/1982,Montessori calabro,Parma,Italia,+39 5764 34651136,greca45@tiscali.it
56,Leoncavallo,04/03/2002,Natalia terme,Reggio Emilia,Italia,+39 95 63294624,delfinocuratoli@yahoo.com
57,Alfieri,20/02/1986,Camuccini calabro,Crotone,Italia,+39 685 92 11 2654,leopoldo43@live.com
58,Cipolla,18/01/1995,San Francesco sardo,Salerno,Italia,+39 414 5128937,mantegazzaliana@burcardo.it
59,Ortolani,20/08/1943,Sesto Zaira nell'emilia,,Italia,+39 6160 23562169,albertoscarlatti@falloppio.net
60,Turci,29/01/1995,Sesto Camilla,Novara,Italia,+39 73 3302990,fabio36@fastwebnet.it
61,Zamorani,20/09/1984,Sesto Gianluigi del friuli,La Spezia,Italia,+39 928 06 38 9028,ptaliani@galvani.it
62,Caccianemico,08/11/1982,,Vercelli,Italia,+39 9387 18967688,
63,Asmundo,21/06/1942,Nolcini lido,Bari,Italia,+39 7871 67252501,mcallegaro@alice.it
64,Columbo,06/07/1937,Bonanno ligure,Viterbo,Italia,+39 3932 64815097,pbaroffio@poste.it
65,Galeati,04/07/1974,Sesto Roberto,Monza e della Brianza,Italia,+39 125 37395384,scialpisaverio@tiscali.it
66,Montanelli,07/11/2001,Virgilio terme,Isernia,Italia,+39 64 7793258,giacinto33@trotta.com
67,Munari,27/09/1944,Quarto Uberto,Cremona,Italia,+39 230 78 69 6625,
68,Gasperi,12/11/1971,Settimo Federico terme,Treviso,Italia,+39 284 19883777,andreottidurante@vodafone.it
69,Nievo,24/02/1973,,Como,,+39 9429 6937909,ugo01@fastwebnet.it
70,Dallara,25/01/1991,Pezzali veneto,Pistoia,Italia,+39 3690 1371536,raffaellinobergoglio@cuzzocrea.org
71,Casadei,01/01/1962,San Gelsomina,Asti,Italia,+39 5709 9085425,vittorio03@gmail.com
72,Paolini,27/10/1944,Pedersoli ligure,Macerata,Italia,+39 62 9732590,costanzo42@libero.it
73,Veneziano,28/07/1969,Sesto Giada ligure,Carbonia-Iglesias,Italia,+39 36 93472402,grecoromano@faugno.it
74,Polizzi,06/04/1998,Amleto a mare,Campobasso,Italia,+39 407 65912896,zamoraniliberto@alice.it
75,Ariosto,17/04/1933,Veneziano terme,Sassari,Italia,+39 406 88106282,alderano65@outlook.com
76,Iannotti,27/03/1986,San Veronica,Imperia,Italia,+39 84 4495660,emontanelli@tele2.it
77,Tropea,01/08/1952,San Matteo laziale,Lodi,Italia,+39 361 39 46 9929,grecoleblanc@tele2.it
78,Babbo,05/10/1955,Borgo Guglielmo salentino,Ravenna,Italia,+39 1134 23357155,luciaaldobrandi@interiano-vigliotti.it
79,Faggiani,23/07/1949,Settimo Antonino,Nuoro,Italia,+39 728 97 57 7291,ricciotti21@mazzocchi.com
80,Procacci,13/01/1954,,Taranto,Italia,+39 604 38628833,
81,Pacetti,19/12/1973,Borgo Valentina terme,Matera,Italia,+39 494 36507739,scottovaleria@luzi-niggli.com
82,Ceri,05/04/2003,Monduzzi sardo,Lodi,Italia,+39 541 0289243,ipignatti@serraglio.com
83,Rizzoli,24/12/1948,Travaglia lido,Isernia,Italia,+39 36 4941058,babatiermes@grifeo.eu
84,Smirnoff,10/07/1958,,Fermo,Italia,+39 242 63827251,milenacamanni@albertini.it
85,Carriera,15/01/1990,Settimo Ugolino,Brindisi,Italia,+39 623 6863855,achillefalloppio@fastwebnet.it
86,Guicciardini,28/01/1989,Borgo Vittorio,Agrigento,Italia,+39 273 1185896,
87,Bruno,19/01/1946,Giulia salentino,Catanzaro,Italia,+39 900 51 26 1105,piero76@hotmail.it
88,Lollobrigida,28/02/1950,San Cecilia terme,Palermo,Italia,+39 93 0788988,pompeolancisi@outlook.com
89,Bossi,30/08/1957,Sesto Stefania del friuli,Ferrara,Italia,+39 081 8683598,bubaldi@vodafone.it
90,Vittadello,22/02/2004,Vito calabro,Pesaro e Urbino,Italia,+39 811 3567073,napolitanofranco@petrucelli-gioberti.com
91,Gritti,13/05/1943,Vincenzo calabro,Medio Campidano,Italia,+39 553 29 96 1932,puccio69@granatelli-scarpetta.com
92,Nibali,07/07/1987,Borgo Renata veneto,Agrigento,Italia,+39 919 01697729,piermariaferrucci@vittadello.it
93,Cerutti,09/09/1959,Ermes terme,Como,Italia,+39 92 5269309,oramazzotti@turrini.it
94,Donati,09/03/1952,Sesto Bartolomeo,Olbia-Tempio,Italia,+39 9709 5520286,lamborghinirosario@mastandrea.it
95,Cherubini,20/01/1992,San Gabriele,Brescia,Italia,+39 1854 5106138,
96,Dalla,21/01/1988,Settimo Maurilio lido,Rimini,,+39 42 4993961,treccanisebastiano@filzi.eu
97,Piacentini,11/08/1979,Raimondi sardo,Rieti,Italia,+39 731 03628362,
98,Borromeo,07/10/1956,Caboto calabro,Siena,Italia,+39 914 46549384,gilbertomannoia@libero.it
99,Udinesi,14/03/1976,Settimo Gaetano del friuli,Pescara,Italia,+39 632 40 31 2610,santinorossini@gregorio.com
100,Piacentini,18/01/1982,Sesto Annalisa,,Italia,+39 111 58705665,annalisaguidone@tele2.it
101,Camilleri,17/04/1978,Sesto Lidia laziale,Pescara,Italia,+39 273 9171217,manuel50@libero.it
102,Busoni,13/10/1953,Quarto Pasqual lido,La Spezia,Italia,+39 81 89818400,apoerio@trentini-casellati.it
103,Guarneri,15/09/1942,Settimo Ennio nell'emilia,Bolzano,,,giuliettierika@faugno-gasperi.org
104,Gabba,18/10/1938,San Beatrice,Gorizia,Italia,+39 532 28088939,canovastefania@live.com
105,Lopresti,22/08/1960,Teresa veneto,Cuneo,Italia,+39 4977 89693668,leonecelentano@berengario.com
106,Bottigliero,04/08/2005,,Foggia,Italia,+39 522 01 61 5745,
107,Bernardi,30/04/1981,Adele salentino,Arezzo,Italia,+39 966 3831823,lernercalogero@poste.it
108,Bruscantini,14/06/2004,Ferrante ligure,Bologna,Italia,+39 510 23766488,sante83@vodafone.it
109,Niggli,01/03/1938,Sesto Galasso del friuli,Foggia,Italia,+39 6619 0275415,maccardo@lippomano-impastato.com
110,Dallara,12/11/1982,Gilberto nell'emilia,Savona,Italia,+39 7187 33104613,lidia07@vergassola.it
111,Fracci,26/03/2002,Flavia umbro,Olbia-Tempio,Italia,,rpanzera@alice.it
112,Petrocelli,20/04/1936,Sesto Annunziata,Genova,Italia,+39 19 9718282,annalisa89@trobbiani.it
113,Russo,15/09/1982,Passalacqua del friuli,La Spezia,Italia,+39 421 61 21 1794,
114,Sanudo,04/04/1981,San Achille,Modena,,+39 56 2749593,tresoldibianca@tim.it
115,Antonacci,06/11/2000,Borgo Annetta umbro,Cremona,Italia,+39 454 1942606,aerrani@gmail.com
116,Antonini,02/06/1995,Settimo Claudia salentino,La Spezia,Italia,,paola31@fastwebnet.it
117,Monicelli,19/01/1961,Taliercio umbro,Salerno,Italia,+39 9400 40653822,
118,Pisano,13/12/1932,Paulina sardo,Caltanissetta,Italia,+39 494 1635240,nadia31@libero.it
119,Morandini,26/12/1997,San Severino veneto,Crotone,Italia,+39 6981 9773492,durantegemito@morosini.it
120,Lucciano,06/06/1940,Quarto Ottone,Monza e della Brianza,Italia,+39 097 3739551,kpometta@viola.it
121,Armellini,11/05/1971,,Ascoli Piceno,Italia,+39 380 97970113,rita15@libero.it
122,Cafarchia,05/11/1939,Greco nell'emilia,Grosseto,Italia,+39 27 2325407,ngagliardi@berre-vivaldi.org
123,Visconti,09/02/1958,Quarto Ansaldo,Bologna,Italia,,priscilla71@comisso.org
124,Storladi,22/02/2002,Federico lido,Vercelli,Italia,+39 914 7890075,oliboniamedeo@yahoo.com
125,Sorrentino,13/08/1989,Settimo Flora,Brindisi,Italia,+39 0820 38073603,gioelepavarotti@outlook.com
126,Trotta,11/10/1984,Sesto Luchino,Pavia,Italia,+39 8980 0184874,
127,Nitto,16/07/1979,Piergiorgio laziale,Siracusa,Italia,+39 775 30636094,bmarazzi@sanguineti.it
128,Casalodi,04/03/1941,Quarto Lorenzo del friuli,Isernia,Italia,+39 4060 5627275,zbruscantini@hotmail.com
129,Camiscione,16/07/2002,Gianfrancesco salentino,Vicenza,Italia,+39 7019 05141284,lorenzo06@zacchia.it
130,Casale,19/12/1967,Sesto Melina a mare,Trieste,Italia,+39 906 1757864,benedettobertoli@montessori.com
131,Zaccardo,31/03/1938,Rosario ligure,Udine,Italia,+39 2412 87972505,donatironaldo@gmail.com
132,Gentileschi,24/02/1983,Antonino a mare,Foggia,Italia,+39 286 02010254,fallacibernardo@poste.it
133,Cianciolo,03/04/1976,Pigafetta salentino,Bologna,Italia,+39 8636 76246802,
134,Luxardo,12/02/1994,Sesto Gloria terme,Vibo Valentia,Italia,+39 605 8097081,umondadori@hotmail.com
135,Bottigliero,19/06/1969,Rosina lido,Medio Campidano,Italia,+39 670 24738372,tina20@hotmail.com
136,Parri,19/11/1970,Borgo Stefania sardo,Ferrara,Italia,+39 546 71 31 2772,santemalatesta@bianchi-mercalli.com
137,Mancini,28/06/1956,Sesto Emma,Caserta,Italia,+39 589 12 31 0722,ninetta33@pulci-brunelleschi.com
138,Visconti,02/06/1937,Sante salentino,Sondrio,Italia,,baccioossola@tosto.org
139,Nugnes,26/02/1939,Dossetti a mare,Oristano,Italia,+39 8833 71380090,bombieriadele@libero.it
140,Emo,12/04/1943,Moresi a mare,Pavia,Italia,+39 556 11 11 1803,cardanorenzo@tin.it
141,Morandini,02/03/1991,Rodolfo calabro,Reggio Calabria,Italia,+39 686 1800916,xcamiscione@ricciardi.com
142,Petruzzi,27/04/1999,Settimo Orazio,Como,Italia,+39 8347 85227657,graziella01@outlook.com
143,Bottigliero,31/12/1958,Michelotto a mare,Reggio Emilia,Italia,,rcasarin@tele2.it
144,Dellucci,28/01/1974,Milanesi ligure,Forlì-Cesena,Italia,+39 47 9255740,pasquamichelotto@hotmail.com
145,Beffa,20/04/1955,,Caserta,Italia,+39 1553 99253218,qtron@tele2.it
146,Pedroni,06/09/1955,Angelica veneto,Avellino,Italia,+39 48 3868195,
147,Murialdo,27/01/2002,Vincenzo terme,Pistoia,Italia,+39 18 65104312,pierinamagrassi@hotmail.it
148,Montessori,10/05/1991,Riccati sardo,Bolzano,Italia,+39 44 82737882,cvitturi@bulzoni-cagnin.net
149,Leopardi,18/10/1990,Settimo Giacinto calabro,Palermo,Italia,+39 335 28642444,donarelliachille@jovinelli.it
150,Alfonsi,10/03/1974,Sesto Franco,Cosenza,Italia,+39 55 46638807,emancini@hotmail.it
151,Aporti,29/01/1964,Rubbia veneto,Olbia-Tempio,Italia,,wmarini@almagia.it
152,Micca,03/05/1950,Quarto Rossana,Biella,Italia,+39 199 49677554,schiavosantino@cristoforetti.it
153,Malpighi,07/02/1992,San Ernesto terme,Ferrara,Italia,+39 15 35877568,leoncavallovincentio@poste.it
154,Niggli,01/08/1992,Gionata a mare,Firenze,Italia,+39 91 46348905,simonetta33@geraci.eu
155,Bombieri,08/12/1985,Ninetta terme,Lecce,,+39 331 6020584,serragliodario@tele2.it
156,Caetani,27/07/2002,Dino umbro,,Italia,+39 09 88504475,lippomanofiorenzo@yahoo.com
157,Cundari,17/12/1947,Settimo Emma umbro,Parma,Italia,+39 513 4970681,memanuelli@duse-bulzoni.com
158,Vigliotti,01/06/2003,Francesca ligure,Lodi,Italia,+39 9835 55708203,
159,Pareto,13/01/1968,Gilberto del friuli,Venezia,,+39 11 5861264,zpaolini@tele2.it
160,Mengolo,27/08/1976,Florio sardo,Potenza,Italia,+39 440 8139860,carolina69@tarantini.net
161,Botticelli,08/11/1950,Armando a mare,Milano,Italia,+39 6214 8567978,steingiovanna@gmail.com
162,Gaggini,08/08/1952,Borgo Cecilia del friuli,Palermo,Italia,+39 860 4617702,brunoudinesi@gmail.com
163,Baracca,28/04/1944,Tasca a mare,Catania,Italia,+39 717 36 53 2081,
164,Calvo,10/08/1961,Sesto Enzio a mare,Livorno,Italia,+39 72 0238902,fmorgagni@juvara-bernini.it
165,Gussoni,19/08/1934,San Gemma,Messina,Italia,+39 24 5666602,aria07@libero.it
166,Palladio,14/10/1973,Borgo Laureano umbro,Gorizia,Italia,+39 60 30491576,sandra88@cibin-palombi.com
167,Nadi,07/02/1948,Imelda veneto,Messina,Italia,+39 8216 82739592,baldassare09@pasqua.com
168,Pavone,08/03/1948,Emma salentino,Palermo,Italia,+39 2169 8077977,baresesylvia@iannuzzi.com
169,Palladio,07/05/2005,Quarto Sabatino,Isernia,Italia,,maurizio05@sismondi.com
170,Vanvitelli,17/01/1937,Borgo Tullio,Siracusa,Italia,+39 3298 8006278,coppolagioachino@libero.it
171,Franceschi,22/11/1942,Ruggiero sardo,Rieti,Italia,+39 379 1781711,loredanapepe@mortati.org
172,Trevisani,10/03/1951,,Varese,Italia,+39 701 3629449,torquatoboccioni@yahoo.com
173,Antonacci,22/01/1988,Settimo Giovanna calabro,Arezzo,Italia,+39 38 98036044,kcabibbo@poerio.it
174,Tozzi,28/02/1959,Borgo Milena lido,,Italia,+39 672 38515009,cminiati@micheletti-pavanello.org
175,Mengolo,14/11/1938,Giustino terme,Prato,Italia,+39 3500 4446298,filippo25@peruzzi.com
176,Soranzo,07/05/1933,Rosaria salentino,Ferrara,Italia,+39 77 8951033,
177,Corbo,28/07/1938,Quarto Maria,Siracusa,Italia,+39 59 1099981,palladioemilio@stradivari.org
178,Fattori,05/02/1939,Venditti terme,Bologna,Italia,+39 1226 9491930,
179,Sokolov,14/08/2004,Sesto Adamo laziale,Venezia,,+39 985 99131927,annamaria79@tim.it
180,Rubbia,05/03/1956,Quarto Martino nell'emilia,Alessandria,Italia,+39 35 9975360,sordiarmando@poste.it
181,Leonardi,08/11/1965,Settimo Delfino,Lucca,Italia,+39 41 72700295,qcerutti@gmail.com
182,Visintini,06/12/1938,Tatiana salentino,Forlì-Cesena,Italia,+39 781 7900818,ncendron@alice.it
183,Fabrizi,14/11/1983,Quarto Martina,Roma,Italia,+39 4155 0675692,gioachino28@libero.it
184,Tamburello,13/04/1960,Vanessa del friuli,Carbonia-Iglesias,Italia,+39 70 3180266,gabriele09@libero.it
185,Sordi,22/04/1983,Cassandra salentino,Como,Italia,+39 08 54584868,
186,Abate,05/02/1976,Adamo laziale,Ragusa,Italia,+39 057 4421392,zaira85@lamborghini-battelli.it
187,Chiesa,30/05/1989,Antonino calabro,Medio Campidano,Italia,+39 16 37466277,rodolfopapafava@hotmail.it
188,Carducci,05/01/1974,Borgo Marcello,Bologna,Italia,+39 6380 0583945,mgianinazzi@vergerio-pizzo.com
189,Muti,09/05/1975,Sesto Patrizia,Udine,Italia,+39 42 91078091,zetticcisergius@hotmail.com
190,Antonelli,09/12/1994,Borgo Jolanda salentino,Palermo,Italia,+39 92 4063974,tomeilivia@marrone.eu
191,Gasperi,14/03/2001,Monteverdi nell'emilia,Chieti,Italia,+39 1061 73760887,hfoconi@boaga.com
192,Carullo,03/10/1968,Boiardo del friuli,Cosenza,Italia,+39 06 4677474,oviola@yahoo.com
193,Callegari,02/09/1952,Elmo sardo,Chieti,Italia,+39 63 89441863,cscialpi@tele2.it
194,Cainero,24/02/1933,Enzio umbro,Alessandria,Italia,+39 000 11 58 3287,dsismondi@gmail.com
195,Balla,14/07/1958,Roberta terme,Ragusa,Italia,+39 691 75531579,rnonis@tin.it
196,Asprucci,09/07/1957,Settimo Ubaldo calabro,,Italia,+39 2764 24529284,nattagiuseppina@tele2.it
197,Bertoli,06/09/1985,Maffei a mare,Ancona,Italia,+39 06 33129513,benedetto21@fastwebnet.it
198,Donarelli,22/12/1937,Quarto Alfio lido,Firenze,Italia,+39 9367 27965097,donatella10@bonolis-coardi.it
199,Pareto,31/01/1956,Leopoldo nell'emilia,Perugia,Italia,+39 6449 76361229,martina67@virgilio.it
200,Necci,02/08/1943,Sesto Giampiero laziale,Latina,Italia,+39 7143 4540622,wmaderna@luzi.com
201,Agostinelli,31/08/1962,San Telemaco veneto,Catanzaro,Italia,+39 4739 15257475,xbalbo@tasso.com
202,Trotta,17/02/1933,Settimo Bruno,Bergamo,Italia,+39 80 8648750,benvenutobettin@branciforte.it
203,Malenchini,12/06/1975,Sesto Luciano nell'emilia,Caserta,Italia,+39 582 8389698,sobreroeva@gmail.com
204,Salvini,06/05/1960,Sesto Leonardo,L'Aquila,Italia,+39 746 5104777,matildagucci@fabbri-pausini.it
205,Cabrini,09/11/1994,Quarto Patrizio a mare,Rovigo,Italia,+39 647 00 76 2850,bscaramucci@libero.it
206,Ceri,19/09/1951,Borgo Camillo,Aosta,Italia,+39 09 4723708,yvolterra@virgilio.it
207,Pepe,20/03/1934,Settimo Delfino,Parma,Italia,+39 6088 8836711,bongiornopellegrino@giovine.it
208,Roccabonella,03/01/1960,Manolesso a mare,Aosta,Italia,+39 62 06629785,
209,Bosurgi,09/10/1987,Maria terme,Aosta,Italia,+39 502 2546254,granatelliottavio@outlook.com
210,Guinizzelli,13/05/1980,,Bologna,Italia,+39 18 47064662,
211,Miniati,16/05/1948,Borsellino sardo,Milano,Italia,+39 98 5857608,
212,Scaramucci,13/12/1960,San Maria,Trieste,Italia,+39 58 5588654,leonardocamilleri@outlook.com
213,Angiolello,10/03/1958,San Nicola,,Italia,+39 5359 34037296,bettinclaudia@ricciardi.it
214,Bossi,14/07/1939,Donatello umbro,Sassari,Italia,+39 101 4342802,micheletto50@smirnoff.com
215,Favata,10/07/1944,Sesto Giulio,Latina,Italia,+39 97 3130303,ida81@pulci.eu
216,Monaco,04/05/1951,Settimo Livio,Teramo,Italia,+39 4962 2222186,ariabusoni@virgilio.it
217,Corcos,04/03/1987,Tina sardo,Reggio Calabria,Italia,+39 3332 0584834,stella84@tin.it
218,Raurica,06/01/1978,Corrado veneto,Cagliari,Italia,+39 8134 85874024,fgiorgetti@libero.it
219,Ossani,02/05/2001,Sesto Achille,Massa-Carrara,Italia,+39 9760 2782201,
220,Monduzzi,17/06/1968,San Claudio,Siena,Italia,+39 788 90526118,geronimo93@alice.it
221,Morgagni,15/01/1942,Sesto Mirco,Belluno,Italia,+39 20 26291901,
222,Naccari,20/08/1960,Botticelli laziale,Siracusa,Italia,+39 637 90 57 5886,concettaluria@tele2.it
223,Rensi,24/03/1990,Rosaria veneto,Verbano-Cusio-Ossola,Italia,,
224,Mondadori,26/10/1951,Arsenio terme,,Italia,+39 71 6229929,visintiniruggiero@tagliafierro.com
225,Prada,15/02/1979,Borgo Romana del friuli,Olbia-Tempio,Italia,+39 7291 87870060,hscarlatti@alice.it
226,Orsini,21/01/2001,Isabella laziale,Salerno,Italia,+39 372 77719731,tremontimercedes@tele2.it
227,Vercelloni,29/11/1963,Barbara umbro,Rovigo,Italia,+39 16 4779770,adelasiacasadei@anguissola.it
228,Babati,28/06/1961,Sesto Marcantonio a mare,Varese,Italia,+39 518 69 61 4078,parutaermanno@libero.it
229,Samele,14/08/2002,Sesto Aldo,Arezzo,Italia,,lchindamo@hotmail.it
230,Bajamonti,28/06/1966,Gangemi lido,Messina,Italia,+39 19 4822604,guido78@poste.it
231,Vitturi,12/07/2001,Massimo umbro,Caltanissetta,Italia,+39 4549 44200390,
232,Petrassi,24/12/1984,Settimo Giorgia veneto,Palermo,Italia,+39 318 1014487,pierangelo28@gmail.com
233,Federici,29/10/1997,Borgo Lamberto,Pistoia,Italia,,brichesemassimo@gmail.com
234,Donini,14/01/1950,Quarto Elmo ligure,Avellino,Italia,+39 47 16609419,marissa85@gmail.com
235,Zetticci,17/10/2001,Quarto Susanna salentino,Rovigo,Italia,+39 586 71972814,vincenzocollodi@gmail.com
236,Offredi,28/02/1944,Ornella calabro,Piacenza,Italia,+39 80 1300334,battistiromolo@anichini.com
237,Giusti,06/12/1949,Settimo Gaspare terme,Cagliari,Italia,+39 3213 78668954,annunziatatacchini@tele2.it
238,Porzio,03/07/1939,Settimo Marcella lido,Varese,,+39 5536 23885583,nicolo98@leone.org
239,Montessori,23/12/1982,Ciampi sardo,Fermo,Italia,+39 563 4137684,iannelliannibale@maderno-majorana.it
240,Chinnici,27/06/1949,Settimo Ludovica lido,Medio Campidano,Italia,+39 22 56034236,santino82@alice.it
241,Scarpa,04/07/1968,,Cuneo,Italia,+39 989 33 65 4590,niggliraimondo@onio-galeati.com
242,Argentero,30/12/1966,Luisa salentino,Isernia,Italia,+39 93 6076396,ermannopolani@pinamonte.net
243,Scarpetta,28/06/1993,Giustino laziale,Nuoro,Italia,+39 162 61 06 2420,canevascinilucrezia@libero.it
244,Visconti,13/02/1959,Settimo Claudia veneto,Campobasso,Italia,+39 93 67339370,
245,Valmarana,30/12/1944,Tornatore salentino,Alessandria,Italia,+39 69 2168792,melissaludovisi@yahoo.com
246,Sansoni,01/10/1991,Emma terme,Crotone,Italia,+39 3832 78088383,biancagalilei@live.com
247,Pisani,02/09/1963,Arsenio salentino,Verbano-Cusio-Ossola,Italia,+39 6417 89673572,milototino@libero.it
248,Prodi,20/04/1985,,Avellino,Italia,+39 20 88032884,kzanzi@redi.com
249,Bottaro,19/03/1944,Procacci umbro,Asti,Italia,+39 88 21208637,federica12@virgilio.it
250,Cerutti,12/10/1972,,Salerno,Italia,+39 36 26435452,odoglioni@hotmail.it
251,Sismondi,10/05/1937,Borgo Romana umbro,Siena,Italia,+39 08 92024148,pmondaini@tele2.it
252,Bernardi,16/10/1976,Sesto Azeglio laziale,,Italia,,zfarinelli@germano-grisoni.com
253,Castioni,09/01/1967,Schiavo veneto,Lodi,Italia,,marcobataglia@gonzaga-canevascini.eu
254,Sollima,17/07/2004,Telemaco umbro,Catanzaro,Italia,,pacettiuberto@santorio.it
255,Marcacci,29/07/1948,Settimo Isa,Macerata,Italia,+39 165 0331356,gianfranco33@vodafone.it
256,Jacuzzi,25/05/1961,Sesto Virgilio salentino,Brindisi,Italia,,iannottigemma@tele2.it
257,Baracca,24/03/2004,,Mantova,Italia,+39 4261 82109323,ugoiacobucci@barcella-tremonti.com
258,Lancisi,06/05/1983,Settimo Diana,Agrigento,,+39 26 5010780,rosaliagreggio@gmail.com
259,Emo,30/04/1947,Quarto Tina veneto,Sondrio,Italia,+39 2012 5476956,dianapanatta@outlook.com
260,Buonauro,11/07/1979,Trincavelli lido,Medio Campidano,Italia,+39 8266 52130422,trevisanlina@barracco-valmarana.it
261,Mazzini,21/03/1950,Ughi veneto,Nuoro,Italia,+39 662 45 16 0709,madernocoluccio@bellini.org
262,Palladio,24/08/1937,Quarto Bartolomeo lido,Cagliari,Italia,+39 307 10892901,lisaveltroni@verdi-gilardoni.it
263,Bixio,01/01/1980,Bonolis laziale,Treviso,Italia,+39 919 15772335,rodolfozaccagnini@turati-trussardi.com
264,Innocenti,09/10/1965,Fermi terme,Sassari,,+39 631 33 34 8274,battellinicolo@libero.it
265,Curiel,18/02/1964,Settimo Stefania,Agrigento,Italia,+39 65 74714534,zcaruso@alice.it
266,Giunti,09/05/1973,San Beatrice,Ancona,Italia,+39 40 6287098,nicolobaggio@pasolini.eu
267,Respighi,14/03/2000,Bernardi calabro,,Italia,+39 42 2510228,alberico24@gmail.com
268,Fagiani,16/06/1965,Settimo Luisa,Ravenna,Italia,,ubaldigemma@benedetti.it
269,Porzio,10/09/1934,San Tiziano,Frosinone,Italia,+39 89 25315131,
270,Vespa,24/12/1937,San Roberto,Catania,Italia,+39 9903 32813799,allegraferrari@duse.org
271,Tiepolo,18/08/1945,Barracco calabro,Reggio Calabria,Italia,+39 9058 90448834,loredana00@fastwebnet.it
272,Gregori,08/08/1981,Borgo Marcella,Ravenna,Italia,+39 03 80043438,mariavattimo@borgia.it
273,Petrassi,31/05/2005,Nanni a mare,Torino,Italia,+39 459 96368770,santoroippazio@malipiero.it
274,Morrocco,15/12/2000,Sesto Clelia calabro,Trieste,Italia,+39 15 60207638,ceschiamanda@leopardi.it
275,Garrone,02/07/1992,Calbo nell'emilia,Cagliari,Italia,+39 16 7618023,teresa30@condoleo-niscoromni.it
276,Ferretti,13/01/1959,Berrè a mare,Medio Campidano,Italia,+39 599 1363357,antonellafranzese@cafarchia.com
277,Balbo,10/04/1997,Borgo Achille,Roma,Italia,,laureano63@libero.it
278,Oliboni,27/11/1969,Quarto Vanessa a mare,Siena,Italia,+39 38 7433756,loretta68@squarcione.org
279,Gemito,23/10/1973,Filangieri ligure,Sassari,Italia,+39 7892 38366763,filippagentileschi@fo.it
280,Ravaglioli,13/10/1993,Romina a mare,Firenze,Italia,+39 0960 50550579,gelsomina15@vodafone.it
281,Bulzoni,25/03/2002,Osvaldo terme,Campobasso,Italia,+39 00 5869982,dziani@gullotta.net
282,Tencalla,03/11/1957,Donato lido,Sassari,Italia,+39 0590 6557111,afaranda@malenchini.com
283,Ortese,28/08/1946,Settimo Stefania,Monza e della Brianza,Italia,+39 4312 91331650,auroradovara@hotmail.it
284,Trapani,21/09/1940,Frescobaldi ligure,Lucca,Italia,+39 4994 52996659,
285,Soranzo,04/03/1966,Niscoromni a mare,Agrigento,Italia,+39 04 18117414,xrenzi@goldstein.it
286,Cerquiglini,23/04/1959,San Elmo,Napoli,Italia,+39 136 96 62 1350,temistoclemercalli@beccaria.com
287,Taccola,12/03/1976,Riccardi terme,Piacenza,Italia,+39 806 01779239,isabellacanova@alice.it
288,Innocenti,24/12/1971,Lorenzo del friuli,Medio Campidano,Italia,+39 8561 2805209,xscaramucci@hotmail.com
289,Tremonti,19/03/1956,Sesto Durante,Vibo Valentia,Italia,+39 64 31409886,cundariseverino@tiscali.it
290,Zito,22/09/1972,Settimo Pietro sardo,Isernia,Italia,+39 803 84 19 5044,pasmundo@faugno-morandini.org
291,Duse,11/01/1982,Quarto Nino,Genova,Italia,+39 86 58653401,cantimorinico@fischetti.com
292,Renzi,27/10/2005,Borgo Mirco veneto,Forlì-Cesena,Italia,+39 569 0125525,laureano99@chinnici-parpinel.com
293,Pederiva,10/12/2001,Travaglia terme,Napoli,Italia,+39 95 64914870,salvatoremajorana@faugno.com
294,Savorgnan,28/04/1982,Melania veneto,Latina,Italia,+39 92 9648217,
295,Frescobaldi,10/05/1993,Marsili nell'emilia,Sondrio,Italia,+39 596 9058321,liliana69@giacometti.it
296,Jilani,26/06/1958,Vittorio del friuli,Napoli,Italia,+39 4303 54045709,
297,Trentin,13/01/1975,Borgo Marisa,L'Aquila,Italia,+39 9477 07030626,raffaellino59@hotmail.it
298,Venier,12/01/2004,Borgo Giustino del friuli,Taranto,Italia,+39 245 47068228,icheda@tin.it
299,Vidoni,01/03/2005,,Vercelli,Italia,+39 4576 50471112,
300,Curci,20/05/1987,Antonio nell'emilia,,Italia,+39 1802 5338120,rominalamborghini@gmail.com
301,Gentilini,20/09/1973,Arturo laziale,Pisa,Italia,+39 811 21945906,bassimonica@tiscali.it
302,Galuppi,17/04/1942,Quarto Gastone,Benevento,Italia,+39 71 79001877,elanfranchi@virgilio.it
303,Veneziano,02/07/2002,Sesto Baccio ligure,Benevento,Italia,+39 399 43436268,doglionisante@ceri.it
304,Anichini,31/01/1933,Borgo Iolanda a mare,Pordenone,Italia,+39 3478 1260029,ermannocaffarelli@tele2.it
305,Scarlatti,31/07/1940,Borgo Melina a mare,Cagliari,Italia,+39 918 01 39 5717,laureano16@live.com
306,Errani,04/07/1990,Sesto Agostino,Teramo,Italia,,xmaccanelli@live.com
307,Grasso,10/09/1984,Stein nell'emilia,Piacenza,Italia,+39 0274 48112963,enniobrugnaro@valmarana.com
308,Carfagna,01/10/1961,Munari lido,Livorno,Italia,,zaira82@prati.it
309,Ceci,08/08/1986,Gatto lido,Catanzaro,Italia,+39 1357 5777999,raffaellocabibbo@panzera.org
310,Morrocco,31/08/2001,Fiorino laziale,Pistoia,Italia,+39 492 87 04 3831,lianapistoletto@parri.com
311,Leopardi,28/05/2004,Chinnici del friuli,Trento,Italia,+39 565 06839038,gianluca99@tebaldi.eu
312,Pedroni,24/12/1987,,Terni,Italia,+39 13 6075760,ermenegildoioppi@boldu-grasso.it
313,Inzaghi,09/11/1985,,Napoli,Italia,+39 165 3624847,amontanari@bonino.eu
314,Cociarelli,04/08/1942,Fernanda ligure,Napoli,Italia,+39 19 12961292,xgianinazzi@gmail.com
315,Mengolo,11/11/1985,Mengolo salentino,Forlì-Cesena,Italia,+39 9529 9201074,ocorcos@tele2.it
316,Luzi,13/01/1935,Sesto Severino a mare,Arezzo,Italia,+39 8873 73302599,sbajardi@beccheria-taccola.com
317,Puccini,05/11/1957,Cesare lido,Pordenone,Italia,,vanessa37@gmail.com
318,Paltrinieri,23/11/1975,Monica terme,Ogliastra,Italia,+39 539 41099904,cirobianchini@virgilio.it
319,Offredi,23/09/1935,,Vercelli,Italia,+39 88 09144952,
320,Cabrini,03/11/1997,Peranda del friuli,Belluno,Italia,+39 55 35012434,pieropersico@pergolesi.it
321,Comisso,27/06/1960,Martinelli terme,Perugia,Italia,+39 856 94 91 9009,icignaroli@versace.it
322,Udinesi,23/02/1975,Gianmarco salentino,Potenza,Italia,+39 13 20970214,dorengo@hotmail.it
323,Casale,15/09/1992,Turchi calabro,Arezzo,Italia,+39 26 2239404,bbotta@tin.it
324,Buscetta,01/09/1975,Napoleone sardo,Lucca,Italia,+39 215 67624902,valerio79@antonucci-mondaini.net
325,Romano,09/07/1952,Azeglio sardo,Brescia,Italia,+39 94 47251251,
326,Adinolfi,05/04/1980,Sesto Arturo,Ascoli Piceno,Italia,+39 04 08885607,alessandrotraversa@bragaglia-gadda.com
327,Tirabassi,11/05/1995,Sesto Annamaria,Macerata,Italia,+39 1314 8111958,romeovercelloni@telesio.net
328,Bertoni,25/06/1943,Quarto Ida lido,Salerno,,+39 958 45 13 6790,
329,Ortolani,18/02/1934,Borgo Domenico calabro,Cagliari,Italia,+39 638 34650943,marcello39@maggioli.eu
330,Murialdo,05/12/1950,Quarto Ranieri,Catania,Italia,+39 1189 4085338,ugemito@baresi-donarelli.org
331,Fantini,31/07/1951,Borgo Delfino umbro,Benevento,Italia,+39 293 2913824,
332,Dulbecco,19/04/1993,Quarto Romana veneto,Vicenza,,+39 96 67825448,ilariaeinaudi@bonino-cammarata.it
333,Ughi,06/10/1987,Columbo a mare,Biella,,+39 86 5704664,bignamimelania@tiscali.it
334,Galtarossa,12/11/1974,Corrado calabro,Modena,Italia,+39 831 91779997,qcaironi@hotmail.it
335,Bongiorno,24/05/1956,San Etta a mare,Teramo,Italia,,giovinesergius@leblanc-curci.eu
336,Fantini,21/09/1995,San Benito,La Spezia,Italia,+39 401 5087452,yconti@malacarne-parpinel.com
337,Zetticci,02/10/1995,Nosiglia salentino,Novara,Italia,+39 25 22105243,gremesegraziano@tim.it
338,Mazzocchi,30/01/1934,Orazio veneto,Monza e della Brianza,Italia,+39 93 76479245,romina51@tiscali.it
339,Vigorelli,03/05/1991,Settimo Dionigi umbro,Crotone,Italia,+39 0842 2518734,giampaoloromano@tin.it
340,Toso,21/09/1975,Borgo Giosuè ligure,Novara,Italia,+39 516 02276081,cbuonauro@cesarotti.it
341,Bazzi,29/06/1934,San Jacopo,Campobasso,Italia,,zanzibernardo@spadafora-einaudi.com
342,Casale,04/07/1952,,Isernia,Italia,+39 983 09 10 4962,sollimaberenice@libero.it
343,Bellocchio,03/04/1933,,Vibo Valentia,,+39 2758 84599640,
344,Salandra,20/07/1994,Brambilla a mare,L'Aquila,Italia,+39 19 01088304,
345,Matteotti,04/07/1987,Lovato calabro,La Spezia,,+39 57 02914907,kjuvara@rapisardi-tornatore.it
346,Taccola,04/03/1968,Jacopo terme,,Italia,+39 269 85590586,antoninosoderini@libero.it
347,Bombieri,09/01/1975,Borgo Camilla,Rovigo,Italia,,adrianoferrucci@vodafone.it
348,Guicciardini,10/12/1934,Quarto Gionata,Lecce,Italia,+39 67 34720367,
349,Bellò,12/01/1953,Inzaghi nell'emilia,Latina,Italia,+39 1841 7960953,fabrizio72@rismondo.com
350,Mennea,23/01/1942,Settimo Donna veneto,Asti,Italia,+39 08 5542221,aparuta@virgilio.it
351,Leone,04/05/1981,Maspero calabro,Biella,Italia,+39 09 6775786,lucreziacasellati@balla.com
352,Bembo,18/07/1949,Sesto Lara salentino,Campobasso,Italia,+39 883 34629144,tantonini@bertolucci.eu
353,Pigafetta,19/01/1934,Fedele lido,Firenze,Italia,+39 110 89 77 4892,cassandragussoni@mezzetta.eu
354,Gangemi,18/08/1976,Leopoldo a mare,Lecco,Italia,+39 4493 35451788,martamanunta@vodafone.it
355,Tamburi,31/12/1981,Foà a mare,Catania,,,nanni12@live.com
356,Anguissola,16/01/2001,Piersanti sardo,Treviso,Italia,+39 198 5653695,giuseppinagermano@hotmail.it
357,Trillini,31/01/1954,Cerquiglini calabro,Trapani,Italia,+39 9450 5554336,cecilia04@libero.it
358,Ferraris,19/05/1985,Sesto Gianluigi del friuli,Viterbo,Italia,+39 39 7143737,bprodi@vergerio.org
359,Andreotti,16/08/1975,Garrone terme,Enna,Italia,+39 4610 62296821,foarita@hotmail.com
360,Gaiatto,22/06/1975,Sesto Girolamo umbro,Avellino,Italia,+39 75 29499809,nanni32@gravina-pertile.com
361,Raurica,10/02/1940,Quarto Paloma salentino,Reggio Calabria,Italia,+39 455 84201644,boagaantonia@depero.org
362,Tamborini,18/06/1938,Sesto Alderano lido,,Italia,+39 6736 59323952,giulietta28@tiscali.it
363,Stefanelli,30/12/1932,Borgo Nedda,Pistoia,Italia,,domenicoemanuelli@travaglia-gagliano.it
364,Morpurgo,14/11/1999,Angeli sardo,Varese,Italia,+39 3995 3150783,fgaiatto@zaccagnini-bernardini.it
365,Gullotta,02/05/1996,San Irma calabro,Rovigo,Italia,+39 47 8344339,fabrizio95@outlook.com
366,Magrassi,08/04/1997,San Giuseppe,Teramo,Italia,+39 993 61 84 6840,grazianomaggioli@gmail.com
367,Roero,03/01/1957,Borgo Paolo a mare,Biella,Italia,,
368,Saffi,22/07/1986,Sesto Pasqual,Trapani,Italia,+39 2116 1841180,edoardo18@gmail.com
369,Castiglione,22/04/1976,Quarto Carolina,Lodi,Italia,+39 57 70729679,dvecellio@tele2.it
370,Bruno,21/11/1957,Licia salentino,Arezzo,Italia,+39 48 9684183,persicopellegrino@poste.it
371,Lombroso,18/01/2000,Cocci umbro,Pescara,Italia,+39 5412 6866036,nicolaesposito@antonetti-casalodi.it
372,Tebaldi,27/05/1979,Settimo Bianca,Alessandria,Italia,+39 202 47728254,trezzinidonatello@libero.it
373,Pasqua,03/11/1954,San Benito,,Italia,,enrico35@napolitano-tiepolo.it
374,Favata,20/05/1958,Milanesi umbro,Catanzaro,Italia,+39 532 77 18 4799,
375,Leoncavallo,10/03/1990,Elladio ligure,Viterbo,Italia,,
376,Bonino,15/01/1985,Toso sardo,Mantova,,+39 489 85 16 0731,milenabernardi@veltroni.org
377,Gottardi,18/02/2001,Quarto Gionata laziale,Bari,Italia,+39 0813 6724220,bellogiulietta@libero.it
378,Mastroianni,05/04/1957,Gianluigi a mare,Lecce,Italia,+39 15 15105852,angelina50@hotmail.com
379,Lupo,10/02/1960,Antonetti umbro,Imperia,Italia,+39 53 6600928,leonecostantino@soffici.net
380,Aulenti,14/07/1964,Settimo Griselda laziale,Arezzo,Italia,+39 755 3149840,federica24@gmail.com
381,Ziani,25/04/1948,Luca nell'emilia,Caserta,Italia,+39 088 2729256,rbembo@mondadori.it
382,Dallapé,13/07/2004,Borgo Anita,,Italia,+39 300 2226006,gloriaroero@tiscali.it
383,Veneziano,24/03/1960,Sesto Nanni del friuli,Ancona,Italia,+39 0458 88866917,iacovellifernanda@alice.it
384,Jovinelli,28/09/1952,Michelangelo umbro,Pescara,Italia,+39 6977 5537351,moretticipriano@virgilio.it
385,Vecoli,18/01/1967,Settimo Ruggero,Treviso,Italia,+39 6627 03495144,raimondo48@bettoni.it
386,Piccio,21/06/1998,Lolita salentino,Benevento,,+39 537 03513243,
387,Lercari,24/08/2005,Quarto Rodolfo,Trieste,Italia,+39 881 07977929,
388,Magrassi,03/07/1958,Ennio sardo,Teramo,Italia,+39 85 2916897,cherubinigiancarlo@hotmail.com
389,Poerio,14/04/1964,Margherita laziale,Novara,Italia,+39 863 55 46 9955,lattuadanatalia@andreozzi.com
390,Pontecorvo,16/05/1989,Settimo Giada,Viterbo,Italia,+39 45 86713168,
391,Valmarana,13/09/1986,Giovanni a mare,Carbonia-Iglesias,Italia,+39 6703 7115950,gianfranco61@live.com
392,Bataglia,11/09/2003,Giustino del friuli,Vercelli,Italia,+39 36 0307158,chiesamariana@aporti.it
393,Esposito,11/11/1954,Quarto Lauretta,Verbano-Cusio-Ossola,Italia,+39 807 20562506,giulietta20@tim.it
394,Borghese,30/05/1968,Sesto Pierluigi calabro,Teramo,Italia,+39 53 46654122,malaparteachille@bonaventura-aporti.org
395,Agnesi,04/10/1949,Luisa salentino,Ancona,Italia,+39 28 0307078,farandajacopo@balbi.com
396,Moccia,18/09/1942,Quarto Tonino,Parma,Italia,+39 3420 75542724,gastonedurante@gmail.com
397,Ceri,25/03/1989,Borgo Amleto lido,,Italia,+39 783 73523677,roccasalvatore@outlook.com
398,Maspero,08/05/1955,Borgo Dino ligure,Bolzano,Italia,+39 97 61300731,itamburi@venturi-niscoromni.org
399,Carpaccio,04/09/1998,Fagiani veneto,Belluno,Italia,+39 6966 9175946,spinelliluciano@libero.it
400,Carli,22/05/1986,San Marcella,Aosta,Italia,+39 61 78726735,
401,Capecchi,04/10/1940,Nicolò salentino,Lecce,Italia,+39 30 12516980,lucianoemanuelli@govoni.it
402,Bernardini,11/09/1995,Settimo Alphons,Cagliari,Italia,+39 028 98133038,alderano57@fastwebnet.it
403,Camuccini,15/12/1946,Borgo Michele sardo,Vicenza,Italia,+39 599 61 46 1526,fredopiccio@totino-carriera.eu
404,Boaga,27/04/1936,San Gemma,Sondrio,Italia,+39 220 4634628,
405,Comboni,09/07/1983,San Amalia,Reggio Calabria,Italia,+39 23 9772367,fedeletelesio@hotmail.com
406,Giorgetti,02/08/2003,Vitturi calabro,,Italia,+39 15 86052096,tonia57@verri.com
407,Grassi,04/07/1960,San Nedda calabro,Agrigento,Italia,+39 252 4406951,adriano92@babbo-petralli.it
408,Rienzo,10/10/1988,Sesto Romana,Ferrara,Italia,+39 4451 8706239,ida34@vodafone.it
409,Bembo,06/11/1943,Sesto Allegra umbro,Firenze,Italia,+39 741 3260240,cusanoluisa@armani-cesaroni.com
410,Tamburini,31/08/1989,Sesto Oreste del friuli,Pisa,Italia,+39 69 37819962,mariatrobbiani@contrafatto.com
411,Viviani,26/12/1986,Anastasi sardo,Bergamo,Italia,+39 544 63525139,rembrandt97@vodafone.it
412,Segni,08/04/1999,,Oristano,Italia,+39 9299 3988016,
413,Tornatore,10/06/1978,Francesca ligure,Taranto,Italia,+39 337 9582573,grighi@tasca-speri.com
414,Comolli,27/01/2004,Maria calabro,,Italia,+39 91 54151468,maria07@rizzoli-pisani.eu
415,Berengario,14/11/1939,Sesto Agnolo,Mantova,Italia,+39 29 54566670,raimondocastiglione@ferragni.it
416,Foletti,29/04/1986,Quarto Donatella,Milano,Italia,+39 971 58552588,vecelliosabatino@tropea.com
417,Foà,15/06/1983,Milena sardo,Modena,Italia,+39 670 09362963,fabiarizzoli@tele2.it
418,Sanguineti,27/11/2002,Sesto Cirillo ligure,Biella,Italia,+39 956 4338192,papettimargherita@gmail.com
419,Finzi,29/07/1965,Sesto Dario,Oristano,Italia,,hugotreves@vergassola.org
420,Gagliardi,08/01/2003,Sesto Morena,Pisa,Italia,+39 64 7653930,mfarinelli@lucarelli-casini.com
421,Borzomì,13/07/1955,Gianfranco veneto,Forlì-Cesena,Italia,+39 175 13 38 6429,dstefanelli@fastwebnet.it
422,Iannuzzi,07/08/2004,Victoria terme,,Italia,+39 2252 6943749,kmarini@outlook.com
423,Binaghi,23/11/1938,Settimo Elvira,Bari,Italia,+39 80 3272931,fraccisandra@libero.it
424,Romiti,09/11/1939,Vittorio salentino,Caltanissetta,Italia,+39 1023 31910594,puccipierina@tele2.it
425,Pagnotto,18/02/1954,Angelica lido,Belluno,Italia,+39 56 0651888,iborzomi@gmail.com
426,Giulietti,06/05/1964,Sesto Antonina salentino,Terni,Italia,+39 336 78738054,calvoronaldo@franzese.com
427,Marconi,20/06/1982,,Lecce,Italia,+39 66 47204952,ptoldo@adinolfi.it
428,Totino,19/10/1965,Borgo Damiano,,Italia,+39 823 6905897,celentanofiorenzo@tiscali.it
429,Columbo,14/01/1942,Trussardi laziale,Frosinone,Italia,+39 119 5186176,kbonolis@alice.it
430,Franceschi,08/05/1943,Settimo Isa,Varese,,,binaghirocco@sommaruga.com
431,Mercadante,04/12/1941,Settimo Delfino laziale,Matera,Italia,,tvigorelli@tele2.it
432,Prada,26/05/1943,Giacomo ligure,Genova,Italia,+39 07 1784066,zfabbri@letta.org
433,Bramante,12/06/1962,Leonardi sardo,Catanzaro,Italia,,adeleariasso@alice.it
434,Finetti,29/04/1982,Settimo Alphons,Rovigo,Italia,+39 258 16533384,gian35@yahoo.com
435,Belletini,10/04/1944,Borgo Corrado,Trento,Italia,+39 30 5032510,evarano@fastwebnet.it
436,Romiti,01/10/1993,Bombieri lido,Nuoro,Italia,+39 180 1461698,
437,Ciampi,03/07/1970,Rocca nell'emilia,Catanzaro,Italia,+39 9077 3846178,jzetticci@romano-scialpi.com
438,Tarchetti,27/02/1950,Sesto Vincenzo,Terni,Italia,+39 49 7364533,nigglisilvestro@lattuada.it
439,Balla,18/11/1936,Salata veneto,Rimini,Italia,+39 66 1696718,lorenzo77@libero.it
440,Dulbecco,20/01/1948,Verri salentino,Milano,Italia,+39 691 2843093,alessandro88@virgilio.it
441,Letta,10/08/1948,Settimo Giacobbe ligure,Reggio Calabria,Italia,+39 808 55127421,
442,Serao,16/04/1943,Stefano nell'emilia,Catania,Italia,+39 4623 8127757,michelangelo52@vodafone.it
443,Travaglia,09/05/1936,Settimo Stefania,Taranto,Italia,+39 364 4931649,nicolaborrani@libero.it
444,Morgagni,14/12/1947,Vespucci ligure,Reggio Calabria,Italia,+39 105 68 96 1995,
445,Juvara,28/09/1955,Sesto Gianluca laziale,Bolzano,,+39 58 61573855,nannicastellitto@libero.it
446,Costalonga,06/01/1987,Liana a mare,Pavia,Italia,,kcaboto@virgilio.it
447,Sauro,28/06/1981,Lina lido,Sondrio,,,bertoluccifrancesco@gmail.com
448,Bazzi,29/07/1968,Francesco ligure,Vibo Valentia,Italia,+39 9976 69975281,pbrunelleschi@live.com
449,Gregori,17/08/1965,Borgo Greca laziale,Biella,Italia,+39 205 4892531,amaliasegni@gmail.com
450,Spallanzani,20/06/1941,Quarto Margherita nell'emilia,Belluno,Italia,+39 4824 1520569,annettacollodi@live.com
451,Benigni,12/08/2003,Sesto Danilo,Verbano-Cusio-Ossola,Italia,+39 08 1487640,qboito@tiscali.it
452,Procacci,22/01/1978,Settimo Gilberto salentino,Firenze,Italia,+39 926 94 67 4186,rguarneri@tiscali.it
453,Cilea,22/07/1994,Napoleone lido,Sassari,Italia,,tosobruno@basso.com
454,Polizzi,04/06/1956,Romano lido,Brindisi,Italia,+39 9038 51797373,chechiadele@virgilio.it
455,Volterra,26/10/1998,Morena ligure,Pordenone,Italia,+39 4394 0211234,lisa77@hotmail.com
456,Poerio,13/08/1966,Ariosto calabro,Caserta,Italia,+39 9577 38283531,ksoprano@libero.it
457,Bacosi,23/03/1996,Aria del friuli,Olbia-Tempio,Italia,+39 779 63 79 7666,gianfrancesco07@fastwebnet.it
458,Moccia,10/09/2000,Licia ligure,Catanzaro,Italia,,santonucci@tim.it
459,Beffa,16/03/1953,Cristoforetti nell'emilia,Caserta,Italia,+39 5428 71570952,mariana46@vodafone.it
460,Puccini,06/09/1998,Sesto Hugo,Chieti,Italia,+39 125 58654958,gbarsanti@hotmail.it
461,Bragadin,04/05/1955,Sesto Fernanda terme,Rovigo,,+39 792 14 52 7151,toniborrani@gangemi.com
462,Panicucci,31/08/1952,,Forlì-Cesena,Italia,+39 062 7767594,rodolfoludovisi@gmail.com
463,Tasca,31/01/1957,Mattia ligure,Brescia,Italia,+39 6237 25264582,leoneannunziata@tiscali.it
464,Morpurgo,01/11/1940,Settimo Federica veneto,Varese,Italia,+39 85 9971687,fmondaini@alice.it
465,Bragadin,23/07/2002,Cipriano salentino,Brescia,Italia,,vivaldimattia@micca.eu
466,Villarosa,13/04/1960,Lercari veneto,Trapani,Italia,+39 2856 5911337,hmercantini@libero.it
467,Caboto,20/09/1949,Respighi laziale,Parma,Italia,,rolandobruno@turchi-ortolani.it
468,Saracino,02/01/1940,Paoletti a mare,Bolzano,Italia,+39 8798 28997526,cundarivaleria@gualtieri.com
469,Offredi,29/08/1935,San Melissa,Brindisi,Italia,+39 50 0597298,modiglianicarolina@virgilio.it
470,Saracino,28/09/1944,Borgo Dolores,Aosta,Italia,+39 69 0367271,scialpigiulia@poste.it
471,Dallapé,30/06/1946,Borgo Rodolfo,Verona,Italia,+39 3387 46328735,etta44@tin.it
472,Tafuri,22/10/1965,Borgo Benedetto del friuli,Aosta,Italia,+39 0141 26297579,azegliorusso@gabrieli.it
473,Columbo,19/12/1955,Quarto Rosina,Sassari,Italia,+39 933 1151120,ferratatiziano@pascarella-gabba.it
474,Morandi,09/04/1939,Pedersoli calabro,Teramo,Italia,,romanmarcacci@barsanti.it
475,Varano,13/04/1940,Faggiani salentino,Pavia,Italia,+39 5654 9223148,giulianoalboni@gangemi.com
476,Magrassi,08/06/1998,Quarto Dino salentino,Nuoro,Italia,+39 35 4982039,giacomo51@tim.it
477,Cibin,24/11/1933,Borgo Tonino del friuli,Pavia,Italia,+39 569 2137637,lmengolo@interminelli.com
478,Dossi,11/06/2001,Settimo Arturo a mare,Trieste,Italia,+39 5477 2643414,ludovicaudinese@tiscali.it
479,Staglieno,02/07/1953,Virgilio calabro,Cremona,Italia,+39 66 38155265,teresa29@virgilio.it
480,Pavanello,26/02/1941,Quarto Alessandra nell'emilia,Isernia,Italia,+39 101 01146680,arsenionitto@dallara.org
481,Cheda,22/12/1938,Sesto Mattia,Imperia,Italia,+39 077 71257331,pmedici@gmail.com
482,Pertini,18/11/1969,Borgo Angelo salentino,Imperia,Italia,+39 230 27 95 6855,hsanti@cassara-renier.com
483,Bevilacqua,04/08/1947,,Arezzo,Italia,+39 0387 7304785,qdandolo@polesel-berre.net
484,Belletini,05/10/1996,,Olbia-Tempio,Italia,+39 073 38 77 6069,eginese@trupiano.com
485,Caccioppoli,03/05/1936,Mascheroni veneto,Vicenza,Italia,+39 202 6053426,delfinorenault@scarpa-broschi.com
486,Camuccini,05/01/1991,Giannetti veneto,Avellino,Italia,+39 044 1818179,norbiatogaetano@gmail.com
487,Galeati,13/03/1961,Sesto Severino,Sassari,Italia,+39 479 4552839,mirco88@alice.it
488,Fabrizi,26/04/1977,Amedeo calabro,Napoli,Italia,+39 34 5765127,claudiasokolov@tamburello.it
489,Farnese,09/05/1973,,Oristano,Italia,+39 24 2562850,
490,Lollobrigida,15/11/1941,Quarto Fiamma sardo,Reggio Emilia,Italia,+39 68 6552810,jmicca@fastwebnet.it
491,Manolesso,15/07/1982,Borgo Gianfrancesco,Udine,Italia,+39 288 47387113,donatinapoleone@cristoforetti.it
492,Galuppi,19/05/1967,Depero veneto,Venezia,Italia,+39 86 61282316,luciano09@paganini-vianello.it
493,Toso,21/05/1983,San Mariana,Matera,Italia,+39 12 6010439,rboaga@semitecolo.it
494,Palazzo,21/12/1950,Settimo Francesca,Parma,Italia,+39 360 31 32 1195,qzamorani@alice.it
495,Donati,13/09/1980,Settimo Amadeo,Trento,Italia,+39 39 95602759,gelsomina75@tim.it
496,Valentino,28/03/1958,Mariano a mare,Ogliastra,Italia,+39 282 9036901,rosariarosiello@draghi.it
497,Rossellini,07/04/1945,Sesto Valentina,Rovigo,Italia,+39 900 35 83 4760,esbarbaro@vodafone.it
498,Mondaini,10/09/1942,Letizia salentino,Ancona,Italia,+39 4595 20530030,nandreozzi@capone.it
499,Nonis,17/06/1934,Maderno a mare,Fermo,Italia,+39 4495 36847161,trobbianigreco@calvo-greco.eu
500,Paltrinieri,02/06/1981,,Pavia,Italia,+39 894 3481617,ferrantedonna@avogadro.com
501,Pisacane,29/08/1984,,Catanzaro,Italia,+39 4351 46839866,girolamorienzo@tele2.it
502,Barozzi,18/04/1990,Quarto Giulietta,Grosseto,Italia,+39 9787 7222631,marcogatto@tim.it
503,Bacosi,30/09/1950,Petrucci calabro,Verbano-Cusio-Ossola,Italia,+39 650 0274415,gagliardipaola@tiscali.it
504,Camuccini,30/03/1975,San Mariano,La Spezia,Italia,+39 06 0864913,damianogrossi@libero.it
505,Bettoni,10/05/1949,Letta sardo,Caltanissetta,Italia,+39 7421 0787101,amadeo51@poste.it
506,Aldobrandi,28/02/1969,San Calcedonio lido,Cuneo,Italia,+39 88 64068061,sbarbaromarcella@federico.it
507,Finotto,27/09/1980,Scotti del friuli,Asti,Italia,+39 3250 63582604,dallaperosina@salgari-trincavelli.eu
508,Napolitano,08/03/1935,Sagredo veneto,Piacenza,,+39 972 64 85 7916,fcalvo@procacci-armani.it
509,Mastroianni,18/11/1975,Calcedonio salentino,Taranto,Italia,+39 90 2922048,morabitofabrizio@tiscali.it
510,Ammaniti,20/01/1933,Collodi nell'emilia,Ragusa,Italia,+39 189 25 81 4310,sandrotartini@franscini-mondadori.it
511,Mazzacurati,27/01/1956,Iadanza a mare,Catanzaro,Italia,+39 5590 5468814,nanni16@cremonesi.eu
512,Zabarella,10/10/2001,Guicciardini umbro,,Italia,+39 234 59248164,vpanatta@hotmail.it
513,Mazzini,18/01/1943,Quarto Mario,Potenza,Italia,+39 504 6509588,gianvecchiociro@hotmail.it
514,Lovato,30/03/1950,Interminelli terme,Gorizia,Italia,+39 08 1691187,foaettore@yahoo.com
515,Castellitto,11/07/1962,Silvia terme,Teramo,Italia,+39 6251 47421174,nicoletta13@praga-catenazzi.it
516,Armellini,11/01/1997,Sesto Lamberto salentino,Padova,Italia,+39 2820 51480474,randazzogianmarco@libero.it
517,Babbo,26/07/1983,Torquato calabro,Viterbo,Italia,+39 528 58 37 3954,
518,Tassoni,04/04/1949,Sesto Vincenza,Crotone,Italia,,
519,Luzi,21/09/1991,Sabbatini salentino,,Italia,+39 1504 3289164,mariaferrabosco@parmitano.com
520,Boccioni,13/06/1988,Stefani ligure,Imperia,Italia,+39 50 51708931,jparpinel@benigni-mennea.net
521,Galeati,05/07/1951,Bettina del friuli,,Italia,+39 4494 12236339,bmarsili@libero.it
522,Soffici,19/03/1978,Quarto Geronimo ligure,Firenze,Italia,+39 374 31597970,giacomo54@duodo-mantegna.com
523,Cantimori,20/03/1947,Borgo Paride,Parma,Italia,+39 8612 5190221,nicofilippini@fiorucci.com
524,Rossellini,09/11/1958,Borgo Piero,Ascoli Piceno,Italia,+39 622 89149126,salviroth@libero.it
525,Curatoli,16/04/1941,Donato laziale,Viterbo,Italia,+39 050 61881698,xmaderna@yahoo.com
526,Turci,30/06/1989,Quarto Raffaello salentino,Bergamo,Italia,+39 9373 00455486,piersanti46@baracca-mercadante.com
527,Torlonia,06/07/1994,Inzaghi veneto,Salerno,Italia,+39 60 18140700,lucianatartini@pepe.net
528,Gussoni,13/03/1961,Marrone umbro,Varese,Italia,+39 0613 19801526,alessio48@galeati.it
529,Bompiani,25/08/1940,Torricelli laziale,Campobasso,Italia,+39 782 50730818,xporcellato@gmail.com
530,Lerner,10/03/1966,Quarto Guarino,Potenza,Italia,+39 88 5723630,beatriceguarana@druso.it
531,Canil,26/06/1985,Borgo Marta a mare,Modena,Italia,,silviocuratoli@live.com
532,Duse,10/01/1996,Settimo Maura ligure,Venezia,Italia,+39 2786 0812933,opedrazzini@donini.eu
533,Galuppi,20/11/1984,Settimo Azeglio,Chieti,Italia,+39 4588 72640656,saveriotoscanini@tiscali.it
534,Milanesi,16/01/1988,Sesto Stefania ligure,Monza e della Brianza,Italia,+39 997 50 35 7286,raimondo25@treccani.it
535,Pertini,27/11/1979,Luigi a mare,La Spezia,Italia,+39 12 56924336,bruscantinialessio@boccaccio.it
536,Caboto,07/07/1941,Borgo Cecilia,Agrigento,Italia,+39 184 44 83 6551,fsollima@pedroni-endrizzi.it
537,Giannone,28/07/1945,Nina veneto,Catania,Italia,+39 1742 0131303,cvolterra@tin.it
538,Babbo,09/09/1975,Fiorino ligure,Rieti,Italia,+39 0179 22391339,damianoborroni@mascagni-giacometti.com
539,Malpighi,29/10/1994,Borgo Fiorino,Pordenone,Italia,+39 2035 64961053,ilaria65@saraceno.it
540,Vasari,04/12/1994,Iolanda terme,Alessandria,Italia,+39 6938 87169464,nguarato@leonardi.it
541,Amaldi,13/09/1974,Tiepolo lido,Latina,Italia,+39 133 3724025,berenicegrimani@gmail.com
542,Monicelli,09/03/1999,,Piacenza,Italia,+39 35 4578651,borghesecarmelo@marangoni.it
543,Stucchi,27/07/1967,Sesto Lodovico veneto,Pisa,Italia,+39 857 4402728,giacobbemaggioli@infantino.com
544,Totino,13/07/1989,Elmo laziale,Crotone,Italia,+39 308 5322438,inzaghitina@strangio.it
545,Pace,11/12/1953,Costalonga calabro,Carbonia-Iglesias,Italia,,
546,Tosto,29/10/1953,San Annalisa,Ogliastra,,+39 0699 2272337,
547,Renzi,12/09/1949,Borgo Giuseppe,Pistoia,Italia,+39 211 10 32 8237,flaviapertini@hotmail.it
548,Sanguineti,11/08/1967,Sesto Massimo calabro,Prato,Italia,+39 150 2019152,angelocomboni@molesini.it
549,Endrizzi,14/08/1950,Quarto Mariana calabro,Rieti,Italia,+39 617 49 33 8414,disderogiorgio@zaguri.com
550,Bartoli,18/09/1936,Quarto Aurora,Udine,Italia,+39 2015 86760155,leopoldosalvemini@contrafatto.net
551,Bernini,26/11/2002,Pizzetti del friuli,Perugia,Italia,+39 442 7900546,tatiana92@zichichi-bernardini.it
552,Cianciolo,16/05/1953,Sesto Alphons a mare,Viterbo,Italia,,toniadallape@vento-flaiano.it
553,Pacelli,09/03/1999,Borgo Renzo calabro,Cuneo,Italia,,maria62@bandello.it
554,Gullotta,19/05/1975,Borgo Giuseppina,Cosenza,Italia,+39 553 41 46 1465,wbodoni@libero.it
555,Cicilia,15/07/1938,Corbo lido,Vercelli,Italia,+39 9933 13329303,mcollodi@sommaruga-gasperi.com
556,Barracco,02/10/1945,Adelasia umbro,Ravenna,Italia,+39 2399 54021067,rembrandtmanunta@fastwebnet.it
557,Pisani,15/05/2004,Settimo Nanni,Bologna,Italia,+39 5238 1899555,filippasatta@libero.it
558,Bertolucci,09/06/1972,San Delfino sardo,,Italia,+39 68 54847899,dtrincavelli@collodi-montesano.it
559,Conti,17/04/1941,Settimo Adelmo,Grosseto,Italia,+39 42 89585826,stefano24@tin.it
560,Pederiva,01/10/1966,Lettiere veneto,Cagliari,Italia,+39 1901 6391568,michelangelirossana@virgilio.it
561,Calbo,02/01/1960,San Baccio del friuli,Avellino,Italia,+39 558 40112251,lamberto84@tin.it
562,Zanzi,08/12/1957,Cicilia umbro,Rimini,Italia,+39 144 0157428,ermannofaugno@mortati.com
563,Spinola,23/04/1964,Maura del friuli,Pordenone,Italia,+39 532 35551847,luciana06@vodafone.it
564,Borromeo,03/12/1954,Pergolesi ligure,Pavia,,+39 809 38733061,cirobondumier@libero.it
565,Marsili,15/04/1960,Borgo Patrizia sardo,Isernia,Italia,+39 6515 3172368,rbelletini@volta.net
566,Munari,13/01/1969,Maglio ligure,Reggio Emilia,Italia,+39 90 13542741,marisaantonelli@alboni.eu
567,Anguillara,12/03/2004,Quarto Martino nell'emilia,,Italia,+39 609 39 00 8866,comolliranieri@alice.it
568,Salvini,24/03/1964,Alberico salentino,Lodi,Italia,+39 437 5178901,faugnoorlando@alice.it
569,Bandello,28/05/1970,Borgo Renzo ligure,Napoli,Italia,+39 2741 9536267,kchiesa@live.com
570,Bellini,16/01/1959,Gaspare laziale,Catanzaro,Italia,+39 64 3505601,valentina63@longhena.com
571,Boaga,07/10/1933,Quarto Maurizio calabro,,Italia,+39 98 00607797,seraotina@gianetti.net
572,Bataglia,09/04/1994,San Monica,Salerno,Italia,+39 12 52912967,yloredan@malipiero-gioberti.eu
573,Mimun,31/07/1938,Pierluigi ligure,Agrigento,,+39 274 6484092,
574,Renzi,09/02/1935,Vendetti a mare,Piacenza,Italia,+39 775 02849515,ysorrentino@ruberto.it
575,Leone,18/01/1948,San Barbara lido,Livorno,Italia,+39 335 4822965,salataraimondo@vodafone.it
576,Porzio,03/09/1946,Tiziano salentino,Ferrara,Italia,+39 78 68998836,tiepolofranco@virgilio.it
577,Novaro,19/01/1940,Cheda calabro,Palermo,Italia,+39 48 8093214,
578,Lombardo,19/06/1933,Borgo Coriolano a mare,Trento,Italia,+39 4304 7530822,dcanetta@sforza-virgilio.it
579,Ossani,16/02/1957,Quarto Eliana veneto,,Italia,+39 3431 0798295,wsimeoni@hotmail.it
580,Badoer,31/05/1934,Quarto Veronica laziale,Brescia,Italia,+39 96 4453915,dasmundo@pietrangeli.it
581,Antonetti,23/05/1963,Settimo Elisa umbro,Ancona,Italia,+39 02 4928978,luciobrenna@poste.it
582,Musatti,03/02/1993,Quarto Livio nell'emilia,Sondrio,Italia,+39 651 9510603,venanciogiorgetti@hotmail.com
583,Catenazzi,07/03/1941,Anita umbro,Livorno,,+39 57 7667928,benito04@santoro.it
584,Viviani,04/07/1962,Fortunata lido,Torino,Italia,+39 02 8879766,barsantiantonino@tele2.it
585,Sansoni,01/03/1977,Sophia del friuli,Modena,,+39 87 86873386,gioacchino36@asprucci.com
586,Gatto,15/10/1956,Salvemini sardo,Livorno,Italia,+39 39 0892132,
587,Udinese,13/01/1990,Quarto Rembrandt del friuli,Foggia,Italia,,bassorolando@costanzi.com
588,Chittolini,28/02/2000,Sesto Sophia salentino,Ancona,Italia,+39 6680 89438368,atenulfcanetta@poste.it
589,Pisani,25/04/1953,Alboni terme,Napoli,Italia,+39 782 16 58 9965,kpanatta@vattimo.net
590,Trillini,19/01/2004,Rossana terme,Savona,Italia,,vmarenzio@argento-canevascini.com
591,Romagnoli,01/10/2001,Gori nell'emilia,Milano,Italia,+39 59 8024996,obertoli@balbo-guinizzelli.com
592,Andreotti,30/01/1956,,Terni,Italia,+39 2735 9550587,raimondocarosone@boldu.it
593,Conte,01/02/1943,Vasari salentino,Campobasso,Italia,+39 112 82531161,stefanicaracciolo@yahoo.com
594,Morgagni,18/11/1976,Erika laziale,Livorno,Italia,+39 1871 08987906,giovanni07@semitecolo-aporti.com
595,Lombroso,03/06/1997,Quarto Rolando salentino,Cremona,Italia,+39 923 7062997,dallarateresa@andreozzi-boitani.it
596,Adinolfi,06/08/1954,Pavarotti terme,Siena,Italia,+39 9416 06274958,bredi@tiscali.it
597,Boldù,24/04/1996,Rosmini sardo,Brescia,Italia,+39 6577 8428656,segniconcetta@montecchi.net
598,Lovato,23/08/1977,,Lecce,Italia,+39 18 32517820,lucreziainzaghi@leone.it
599,Abatantuono,12/05/1971,Mercati ligure,Bolzano,Italia,+39 662 90 57 7506,lorenzo53@vodafone.it
600,Simeoni,26/11/2003,Livia laziale,Cuneo,Italia,+39 70 88578442,gonzagaaria@roncalli.org
601,Camanni,24/07/1954,Paoletta del friuli,Brescia,Italia,+39 80 76374948,jimpastato@bompiani.it
602,Zanzi,10/07/1992,Querini laziale,Trento,Italia,+39 319 67 29 5785,diana97@virgilio.it
603,Emo,15/01/1951,Antonioni terme,Ancona,Italia,+39 623 25 57 4635,mercedestognazzi@interminei-garrone.org
604,Giovine,31/01/1959,Settimo Ivan,Lecco,Italia,+39 1253 0741396,
605,Castelli,28/09/1986,Borgo Baccio,Alessandria,Italia,+39 5113 4523142,gelsominagianinazzi@libero.it
606,Pavone,19/09/1974,Massimiliano umbro,Verona,Italia,+39 22 3024548,aurora71@grassi-lancisi.com
607,Alonzi,14/01/1975,Zetticci del friuli,Sondrio,Italia,+39 3792 4067399,enzonavone@gmail.com
608,Cuda,01/04/1994,Battisti a mare,Ragusa,Italia,+39 795 00571290,ytuzzolino@tele2.it
609,Sokolov,05/06/1953,San Fiamma,Alessandria,Italia,+39 440 0095624,foadele@galeati.net
610,Bombieri,10/02/1958,Aulenti terme,Vercelli,Italia,+39 60 8738112,
611,Vitturi,11/10/1959,Bonaventura terme,Vercelli,Italia,+39 400 67528012,bossidaria@palazzo.com
612,Novaro,26/09/1999,San Tina nell'emilia,Siena,Italia,+39 35 7483819,michelangelo50@poste.it
613,Zaccagnini,10/10/1943,Settimo Panfilo,Brescia,Italia,+39 1690 5034145,pirandellonino@napolitano.com
614,Prada,10/10/1963,Ivo veneto,Parma,Italia,+39 27 6059662,anugnes@virgilio.it
615,Casaleggio,20/02/1948,Borgo Luca,Nuoro,Italia,+39 52 1995724,
616,Curatoli,23/05/1952,Volta ligure,Avellino,Italia,+39 9472 07784994,fernandaariosto@binaghi.it
617,Maffei,16/09/1986,Lucchesi a mare,Barletta-Andria-Trani,Italia,+39 720 12279912,sebastiano31@crisafulli.org
618,Mondadori,13/10/1992,Eva umbro,Bari,Italia,+39 71 73704224,evaabatantuono@baggio.com
619,Mimun,19/01/1956,Ravaglioli nell'emilia,Venezia,Italia,+39 847 77299583,ubaldoscarlatti@live.com
620,Ceri,07/04/1998,,Mantova,Italia,+39 86 9082220,veronicamazzocchi@opizzi-peranda.it
621,Bernetti,14/02/1985,Goffredo nell'emilia,Lecce,Italia,+39 319 97457739,giampiero45@live.com
622,Naccari,19/09/1995,San Eleanora nell'emilia,Alessandria,Italia,+39 473 49686705,vasmundo@tafuri.it
623,Gravina,13/02/1984,Borgo Patrizio del friuli,Sassari,Italia,+39 39 11133611,bereniceguinizzelli@iannotti.it
624,Iannuzzi,21/04/1986,Borgo Liberto lido,Ferrara,Italia,+39 25 53248243,laracivaschi@ravaglioli.net
625,Interminei,05/10/1965,Pietro terme,Savona,Italia,+39 385 9325601,cecilia77@manacorda.it
626,Torlonia,02/10/1957,Borgo Pierina,Gorizia,Italia,,taccolafiamma@pace.eu
627,Franscini,09/11/1985,Quarto Giosuè,Bergamo,Italia,+39 1702 4620558,aldoboccherini@gmail.com
628,Schicchi,18/09/1952,Panicucci umbro,Mantova,Italia,+39 27 94895487,annettamorandi@ziani.eu
629,Pedersoli,21/04/1997,Settimo Manuel,Asti,Italia,+39 59 08447603,bellinilisa@poste.it
630,Bulzoni,13/07/1967,Settimo Ornella del friuli,,Italia,+39 40 6136693,azegliobompiani@zoppetto.eu
631,Sollima,14/09/1992,Ludovico ligure,Vibo Valentia,Italia,+39 2776 8593501,robertoudinesi@gmail.com
632,Bignardi,13/12/1956,Borgo Ilaria,,Italia,,santororaffaellino@hotmail.com
633,Micca,07/08/1980,San Lorenzo a mare,La Spezia,Italia,+39 7333 5412988,piermaria94@caracciolo-satta.eu
634,Gentilini,23/10/1939,Settimo Orazio,Asti,Italia,+39 8599 9287337,loredanacallegari@fioravanti.it
635,Sommaruga,12/10/2000,Pellegrino lido,Foggia,Italia,+39 805 29 95 7713,ughipierangelo@hotmail.com
636,Tornatore,02/12/1939,Settimo Lorenzo,Lecco,Italia,+39 189 58601466,iannuccigioele@yahoo.com
637,Ginesio,31/07/1936,Offredi ligure,Bolzano,Italia,+39 063 95742683,armandofrescobaldi@pedroni.com
638,Muratori,19/07/1993,Bragadin calabro,Pescara,Italia,+39 19 4027541,patriziaborsellino@zoppetti-satriani.org
639,Bettin,22/05/1954,,,Italia,,albericogabba@ricci.it
640,Verga,25/01/1938,Quarto Oreste,,Italia,+39 876 28196651,brichesebeatrice@gmail.com
641,Interminei,24/12/1945,Quarto Annunziata,Sondrio,Italia,+39 341 35 00 6442,mascagnigian@gmail.com
642,Brunello,22/07/1942,Sesto Mauro,Lecco,Italia,+39 3521 28777161,tommaseolando@camanni.com
643,Bodoni,12/11/1981,Settimo Salvatore nell'emilia,Terni,Italia,+39 78 67352859,amleto25@tin.it
644,Montanelli,12/12/1972,Ciro terme,Rovigo,Italia,+39 08 0364102,rauricamonica@tele2.it
645,Mocenigo,18/12/1990,San Paolo a mare,,,+39 731 05 89 0097,atenulf72@virgilio.it
646,Pigafetta,12/04/1933,Filippini umbro,Cremona,Italia,+39 7448 51781735,dcabibbo@gmail.com
647,Pratesi,21/07/1996,Quarto Elvira,Verbano-Cusio-Ossola,Italia,+39 2161 9965922,abocca@poste.it
648,Fagotto,09/06/1956,Fabia ligure,Como,Italia,,benvenutodovara@porzio.com
649,Pedersoli,11/09/1992,Luciana calabro,La Spezia,Italia,+39 529 57 14 9528,spraga@manunta.it
650,Bramante,11/04/1952,Giolitti veneto,Vicenza,Italia,+39 4505 0781206,galtarossaadelasia@live.com
651,Sordi,07/01/1952,Giulia calabro,Olbia-Tempio,Italia,+39 229 30119884,raffaellatornatore@outlook.com
652,Cilibrasi,22/06/1940,Pietro ligure,Savona,Italia,+39 294 5098948,ycaboto@gangemi.it
653,Vespucci,12/05/2002,Quarto Raffaella,Rimini,Italia,+39 957 5086577,atrevisani@innocenti-ioppi.it
654,Udinese,21/04/1936,Uberto calabro,Roma,Italia,+39 231 96 41 6344,monicellivincenzo@tiscali.it
655,Petruzzi,13/07/1981,Villarosa a mare,Grosseto,Italia,,nbarcaccia@vendetti.it
656,Serao,18/03/1938,San Piergiorgio veneto,Livorno,Italia,+39 87 17406324,veronicacristoforetti@sagnelli.com
657,Cipolla,02/12/1964,Turati salentino,Treviso,Italia,+39 781 03 42 4890,dossitatiana@zaccardo.it
658,Scaramucci,17/04/1950,Sagnelli lido,Roma,Italia,+39 641 2053582,lara52@tin.it
659,Florio,10/07/1947,Sesto Berenice umbro,Agrigento,Italia,+39 3450 3298694,baccioniscoromni@delle-barcella.com
660,Necci,07/07/1955,Schiavone laziale,Napoli,Italia,+39 5028 3969259,contariniettore@cavalcanti-spinelli.com
661,Ginesio,31/12/1934,Marissa ligure,Ancona,Italia,+39 836 79846028,ybernardini@cocci.it
662,Lussu,14/03/1990,Cicilia salentino,Savona,,+39 8813 7135531,abarcella@agazzi.it
663,Rinaldi,03/05/1994,Omma ligure,Reggio Calabria,Italia,+39 9527 5217043,gloriaangeli@hotmail.com
664,Bonolis,07/11/1988,Settimo Fiamma,Enna,Italia,+39 8746 18892746,greco39@infantino-iadanza.com
665,Togliatti,31/05/1947,Quarto Maria lido,,Italia,+39 1406 18924894,lando35@outlook.com
666,Calarco,21/10/1997,Settimo Raffaella calabro,Monza e della Brianza,Italia,+39 73 77757682,grossifredo@guarneri.it
667,Fracci,24/11/1970,Zacco laziale,Reggio Emilia,,+39 705 4187410,gioacchino50@gmail.com
668,Salandra,02/06/1934,Borgo Santino,Salerno,Italia,+39 81 1043114,marcoubaldi@ferragamo.it
669,Giolitti,27/12/1986,San Daria,Rimini,Italia,+39 997 30848408,grecoarnaldo@cutrufo.it
670,Castiglione,07/04/1979,Teresa sardo,Pistoia,Italia,+39 775 3914281,qbramante@caironi.it
671,Brunello,20/10/1992,Quarto Oreste,Trapani,Italia,+39 5076 7882773,sandro96@bertolucci.com
672,Balotelli,19/04/1977,Matilda veneto,,Italia,+39 883 87591803,albericobrichese@outlook.com
673,Golgi,13/11/1981,San Lara laziale,Vicenza,Italia,+39 5942 1385919,gelsomina29@live.com
674,Tebaldi,20/11/1947,Elena ligure,Cagliari,Italia,+39 044 18 71 0385,
675,Ajello,04/03/2005,Quarto Graziella laziale,Taranto,Italia,+39 9368 9185867,delfino99@libero.it
676,Beffa,12/11/2004,Borgo Delfino,Benevento,Italia,+39 04 14555911,fabrizia16@libero.it
677,Orlando,16/12/1988,Telemaco sardo,Pistoia,,+39 2298 9559010,
678,Mancini,10/02/2003,Borgo Danilo,Parma,Italia,+39 8256 59840098,cirogottardi@acerbi-malipiero.net
679,Stradivari,10/04/1937,Sesto Cecilia,Caserta,Italia,+39 7093 7493615,belletinicoriolano@poste.it
680,Gulotta,02/07/2005,San Tullio,Forlì-Cesena,Italia,+39 0718 87442229,fiorino12@libero.it
681,Brichese,21/01/1974,,Barletta-Andria-Trani,Italia,+39 2562 4824653,lisarosiello@tim.it
682,Ponti,25/12/1938,Cecilia lido,Savona,Italia,+39 470 51075040,fedeleforza@virgilio.it
683,Faugno,18/11/1957,Dina veneto,Imperia,Italia,+39 733 09049753,ninettaruggieri@live.com
684,Onio,08/06/1986,Angelo salentino,,Italia,+39 283 3206642,marmani@fantozzi.eu
685,Tartini,03/11/1993,Lara del friuli,Lecce,Italia,+39 24 2897879,sandra09@libero.it
686,Branciforte,20/03/1951,Argentero nell'emilia,Ascoli Piceno,Italia,+39 301 5275104,
687,Comboni,29/04/1974,Sesto Annamaria,Rovigo,,+39 5869 45273322,usraffa@tiscali.it
688,Franzese,28/10/1977,San Serena sardo,Agrigento,Italia,+39 53 3202220,nataliascalfaro@filippini.it
689,Casagrande,11/06/1953,Priscilla lido,Lecce,Italia,+39 9523 16096913,beppebenigni@guariento.eu
690,Salgari,19/10/1957,Loredana del friuli,Palermo,Italia,+39 41 69429061,spanevellomariano@fastwebnet.it
691,Antonetti,22/03/1988,Leonardo sardo,Vicenza,Italia,+39 47 5425158,antonina01@gmail.com
692,Bragadin,23/01/1979,Borroni veneto,Novara,Italia,+39 7559 24172283,caroccitullio@bottaro.net
693,Bertoli,30/05/1944,Corrado umbro,Perugia,Italia,+39 1408 21656561,jcesaroni@costalonga-fuseli.net
694,Pizzetti,10/08/1985,Virgilio del friuli,Monza e della Brianza,Italia,+39 1026 2459383,wdruso@hotmail.it
695,Redi,16/03/1943,Abbagnale laziale,Benevento,,+39 724 46778325,graziano88@monteverdi.org
696,Ricciardi,27/12/1967,Quarto Greco,Cagliari,Italia,+39 639 3035731,zbarillaro@garzoni-savorgnan.net
697,Opizzi,19/12/1935,Isa veneto,Varese,Italia,+39 565 1109169,hgranatelli@fabrizi.net
698,Boaga,11/04/1987,Lucrezia del friuli,Pavia,Italia,+39 748 6204571,petrassipaulina@outlook.com
699,Sabatini,13/06/1949,Settimo Romina sardo,Cremona,Italia,+39 003 80 00 7278,acalarco@virgilio.it
700,Canetta,29/07/1941,San Ilaria calabro,Arezzo,Italia,+39 64 5033080,manuntasaverio@alice.it
701,Pagnotto,27/06/1952,Piero veneto,Benevento,Italia,+39 131 42368032,severinomichelangeli@borroni.it
702,Caboto,02/03/1975,Borgo Fabrizia,Siracusa,Italia,+39 0922 75538337,aportistefano@beccaria.it
703,Trupiano,11/04/1969,Giorgio sardo,Livorno,,+39 433 53 97 0308,liberto80@virgilio.it
704,Caffarelli,03/10/2003,Sante terme,Napoli,Italia,+39 679 94 81 0073,fibonaccivaleria@tim.it
705,Modugno,31/10/1984,Gregorio sardo,Catania,Italia,+39 426 09900807,nigglipiersanti@moresi.net
706,Bixio,01/05/1966,Armani terme,Salerno,Italia,+39 780 83 10 7639,hroccabonella@ceravolo-lippomano.net
707,Spinelli,30/12/1937,Boiardo ligure,Isernia,Italia,+39 5880 8414345,
708,Cattaneo,15/05/1936,Sesto Pietro,Cagliari,Italia,+39 158 78 88 9258,sagredoelvira@valmarana.it
709,Comencini,22/02/2002,Bresciani umbro,Viterbo,Italia,+39 987 2134752,corradigalasso@argentero.com
710,Bataglia,21/06/1984,Monica nell'emilia,Biella,Italia,+39 3329 5730240,eleanoratogliatti@dallape-gradenigo.it
711,Gonzaga,22/04/2003,Quarto Umberto,Lecce,Italia,+39 125 9115910,mariapellegrini@fogazzaro.com
712,Caccianemico,19/12/1967,Sesto Delfino,Brescia,Italia,,napoleone85@viola.com
713,Bianchini,15/05/1997,,Firenze,Italia,+39 01 9774418,steinfausto@tin.it
714,Lucciano,19/12/1948,Settimo Giorgio terme,Cremona,Italia,+39 543 72591322,saverioalfieri@gmail.com
715,Mazzi,20/03/1947,,Trieste,Italia,+39 73 52890397,
716,Pedroni,16/03/1953,Sesto Livio,Vicenza,,+39 9947 63778981,smorandini@aporti.com
717,Zabarella,25/12/1978,Lorenzo laziale,Pistoia,Italia,+39 3638 01160070,magrassimario@alice.it
718,Caccioppoli,10/10/1935,Verga sardo,Reggio Emilia,Italia,+39 060 47539750,ucontrafatto@hotmail.it
719,Inzaghi,16/11/1996,Federigo umbro,Frosinone,,+39 996 63168742,vincenzadoria@tim.it
720,Donati,01/07/1955,Moccia del friuli,Lucca,Italia,,gattopierpaolo@libero.it
721,Viola,09/12/1967,Borgo Fernanda laziale,Brindisi,,+39 238 7909499,morena24@amaldi.it
722,Borromini,22/06/1974,Sylvia a mare,Siracusa,Italia,+39 998 53 37 7401,ilaria46@yahoo.com
723,Pizzo,05/04/1994,Donarelli calabro,Siena,Italia,+39 512 30114020,tizianogiovine@alice.it
724,Gasperi,02/01/1991,Settimo Rosalia a mare,Ragusa,Italia,,bcorradi@tele2.it
725,Vismara,20/09/1985,Settimo Gemma laziale,Udine,Italia,+39 547 73 18 9176,
726,Parmitano,24/08/1972,Quarto Graziano,Perugia,Italia,,isabellatamburini@parmitano-cavalcanti.it
727,Tropea,09/07/1999,Carriera a mare,Pisa,Italia,+39 7266 89102931,adelmopaganini@outlook.com
728,Gritti,30/04/1998,Quarto Adamo salentino,Isernia,Italia,,yvalentino@corradi.com
729,Amato,18/02/2005,Errigo calabro,Ascoli Piceno,Italia,+39 017 68 93 2290,girolamo49@gmail.com
730,Vasari,06/01/1964,Zanzi calabro,Brescia,Italia,+39 4098 13019112,verdoneachille@belletini.it
731,Tasso,18/02/1992,San Carla,Enna,Italia,+39 4884 9470977,conio@bonatti.it
732,Trezzini,25/09/1960,Sesto Ugo a mare,Ravenna,Italia,+39 99 4095617,claudiatrevisan@vigliotti.net
733,Pace,18/10/1939,Scotto terme,Arezzo,Italia,+39 85 6634592,valentinabertoni@live.com
734,Ceci,05/02/1971,Orlando nell'emilia,Salerno,Italia,+39 622 7176738,renzomorabito@fastwebnet.it
735,Foletti,13/10/1965,Ornella a mare,Como,Italia,+39 9468 6948177,zgeraci@iannotti.net
736,Romano,30/04/2002,Sesto Ruggero,Pesaro e Urbino,Italia,+39 217 09 37 0274,carliarnaldo@libero.it
737,Boccaccio,09/03/1948,,Siena,Italia,+39 021 28 64 2627,daria79@libero.it
738,Serlupi,23/07/1933,Borgo Ignazio terme,Varese,Italia,+39 039 97 34 0853,pagnottogeronimo@libero.it
739,Gaiatto,11/02/1949,Azeglio salentino,Aosta,Italia,+39 512 8870254,lolita49@sagnelli-pasolini.com
740,Falloppio,18/10/2003,Borgo Gino,Modena,Italia,+39 408 18437124,alessiosquarcione@yahoo.com
741,Polesel,23/04/1959,Settimo Paolo,Vibo Valentia,Italia,+39 0881 82880722,rgemito@tim.it
742,Querini,19/05/1973,San Rolando,Campobasso,Italia,,
743,Bonino,27/03/1934,Tuzzolino sardo,Ravenna,Italia,+39 05 68898159,silviocivaschi@tele2.it
744,Beccaria,14/07/1935,Settimo Gioele nell'emilia,Caserta,Italia,+39 230 2906271,hangeli@tiscali.it
745,Bandello,23/04/1936,Quarto Mercedes,Brescia,Italia,,epertini@tron.net
746,Druso,04/07/1984,Quarto Filippo,Milano,Italia,+39 0938 02544394,vecolimilena@tin.it
747,Leone,07/06/1970,Brenna ligure,Udine,Italia,+39 713 5779720,fcremonesi@tiscali.it
748,Trapani,15/12/1949,Sesto Annetta,Nuoro,Italia,+39 93 28341080,tluciani@tele2.it
749,Mozart,16/03/1978,Borgo Ludovica veneto,Chieti,,+39 29 1447475,vergassolagustavo@tin.it
750,Tremonti,13/08/1990,San Annalisa lido,Rimini,Italia,+39 5039 8049224,ricciotti43@spanevello.it
751,Toldo,30/03/1956,Borgo Amleto,Prato,Italia,+39 790 54 80 7922,nborzomi@pratesi.com
752,Totino,27/07/1937,Borgo Lucio sardo,Verona,Italia,+39 665 34267243,vittadellogustavo@anastasi.com
753,Zamorani,08/04/1993,Quarto Maria,Ogliastra,Italia,+39 041 46 75 0325,jbodoni@tim.it
754,Borsellino,01/08/1959,Victoria calabro,Pescara,Italia,+39 84 45729828,borromeopompeo@giannone-proietti.it
755,Einaudi,01/02/1965,Aldo del friuli,Genova,Italia,+39 6254 23249320,xmanunta@nordio-zoppetti.it
756,Pisani,22/07/1971,Brichese del friuli,Medio Campidano,Italia,+39 9204 34255557,marialancisi@majewski-vecoli.it
757,Serraglio,01/03/2005,San Achille del friuli,Massa-Carrara,Italia,+39 4794 66072631,ludovicaspallanzani@pareto.org
758,Badoer,04/01/1946,Alboni ligure,Piacenza,Italia,,massimobroschi@libero.it
759,Collodi,15/09/1943,Borgo Liana a mare,Ferrara,Italia,+39 88 5237974,dionigi03@libero.it
760,Maspero,31/03/1969,Ferrante sardo,Modena,Italia,+39 7498 28665042,
761,Cafarchia,22/08/1969,Bettoni lido,Mantova,Italia,,rmarenzio@marzorati-stoppani.eu
762,Ruffini,28/06/1949,Letta terme,Ragusa,Italia,,telemacotrupiano@guarana-ostinelli.com
763,Interminei,06/07/1949,Sesto Eugenia nell'emilia,Bergamo,Italia,+39 83 3992436,cugiagiovanna@outlook.com
764,Cristoforetti,14/12/1981,Sesto Gianfranco,Frosinone,,+39 601 82 79 6542,cvergerio@bonatti.it
765,Ziani,11/09/1997,Pennetta del friuli,Genova,Italia,+39 01 80078080,cossigalaura@yahoo.com
766,Piazzi,17/12/1965,Roberto umbro,,Italia,+39 575 1558030,ferraboscosilvia@yahoo.com
767,Vattimo,12/11/1961,Quarto Amico sardo,Palermo,Italia,+39 9829 4824191,fabrizianicolucci@live.com
768,Soffici,05/03/1983,Domenico calabro,Avellino,Italia,+39 859 62743634,alfieritelemaco@libero.it
769,Badoer,28/04/1958,Venancio veneto,Campobasso,Italia,,riccardiludovica@hotmail.com
770,Vigliotti,05/03/1934,Lidia laziale,Agrigento,Italia,+39 3989 17353784,zgarrone@tin.it
771,Fallaci,07/02/1997,Sesto Luciana laziale,Rimini,Italia,+39 1030 8528685,baccio80@oliboni.it
772,Bianchi,01/02/1961,Sesto Achille terme,Reggio Calabria,Italia,,vincenzo77@vodafone.it
773,Cesaroni,10/06/1980,Borgo Diana,L'Aquila,Italia,,matteo89@morlacchi-pacelli.it
774,Monte,29/11/2000,Goffredo del friuli,Verona,Italia,+39 3166 8849394,federico14@vodafone.it
775,Dossi,28/05/1956,Farina salentino,Milano,Italia,+39 757 78158942,xmaggioli@fastwebnet.it
776,Pizzetti,08/05/1984,Sesto Nedda,Cagliari,Italia,+39 097 9187590,tatiana02@tencalla-treccani.com
777,Buscetta,02/04/1963,Quarto Virginia laziale,Massa-Carrara,Italia,+39 9786 72395480,lscotti@niggli.it
778,Gaito,22/01/1963,Quarto Achille,Trento,Italia,+39 2211 98949221,stefano56@gmail.com
779,Cutrufo,23/05/1999,,Pescara,Italia,+39 2522 59325056,
780,Schiavone,29/06/1943,Borgo Virginia,Oristano,,+39 752 14625367,alighieriantonina@innocenti.it
781,Pinamonte,04/02/1943,Settimo Maura veneto,Olbia-Tempio,Italia,+39 332 49 22 0936,sibiliapellegrino@gmail.com
782,Trupiano,19/01/1940,Vito a mare,Padova,Italia,+39 434 8322306,martuccifernanda@gmail.com
783,Fioravanti,27/08/1934,Sesto Elena,Latina,Italia,,iorengo@germano.it
784,Santorio,11/01/1942,Sesto Piersanti,Barletta-Andria-Trani,Italia,+39 46 7868526,zmorlacchi@nicolini-renier.net
785,Condoleo,10/04/1946,Borgo Franco del friuli,Firenze,Italia,+39 150 4848215,fbixio@tiscali.it
786,Trebbi,24/01/1973,Enzo lido,Parma,Italia,,tgucci@tarantino-randazzo.com
787,Morellato,05/10/1960,San Ludovico,Verbano-Cusio-Ossola,Italia,+39 0501 71218937,cubaldi@branciforte.org
788,Fuseli,09/02/1993,Ortese umbro,Pisa,Italia,+39 2654 00849972,bianchiniignazio@hotmail.it
789,Sagese,31/10/1948,Carpaccio sardo,Pistoia,Italia,+39 84 25945601,pignattiranieri@malaparte-zamorani.org
790,Missoni,25/03/1944,Quarto Martina,Trieste,Italia,+39 225 0223306,toni38@yahoo.com
791,Germano,16/06/1950,Tozzi terme,,Italia,+39 0639 98071767,pierluigi55@tim.it
792,Gemito,29/04/1994,Sesto Santino,Pescara,,+39 698 6822159,isabellaborrani@pulci.com
793,Dellucci,25/06/1996,Settimo Stefani umbro,Frosinone,Italia,+39 740 50599619,chigivincenzo@outlook.com
794,Bottaro,19/07/1943,Quarto Antonia,Pescara,Italia,+39 032 57354713,zanzigeronimo@virgilio.it
795,Cremonesi,15/01/1937,Atenulf laziale,Trento,Italia,+39 023 05582172,nico63@poste.it
796,Grassi,31/07/2002,Borgo Pasquale sardo,Alessandria,,+39 163 6472116,fabiopellico@interiano-callegaro.it
797,Tirabassi,29/06/1951,Pozzecco calabro,Parma,Italia,+39 900 9043885,cundariromana@pizzo.org
798,Villarosa,09/11/1976,Borgo Giuseppe,,Italia,+39 000 7362791,uvisconti@fusani-cugia.it
799,Basadonna,28/10/1990,Toninelli laziale,Crotone,Italia,+39 34 44150312,
800,Vecoli,25/05/1937,Settimo Ippazio,,Italia,+39 326 94261608,turcidonatello@virgilio.it
801,Cicilia,18/03/1981,Borgo Tiziana umbro,Catanzaro,Italia,,sbeffa@hotmail.it
802,Tomaselli,10/04/1980,Settimo Ludovico lido,Crotone,Italia,+39 23 28648611,pompeo93@virgilio.it
803,Veneziano,02/02/1935,Antonino terme,Lucca,Italia,,gasperidonatella@sabatini.eu
804,Pascarella,05/05/1972,Marisa sardo,Torino,Italia,+39 46 6724857,lilla72@brancaccio.com
805,Bulzoni,19/12/1940,Mascheroni sardo,Ogliastra,Italia,+39 532 75 59 2139,luisacasellati@ficino-puccini.org
806,Garibaldi,26/07/1951,Mattia nell'emilia,Ragusa,Italia,+39 04 5452914,luisa55@libero.it
807,Carocci,25/05/1987,Erika laziale,Pavia,Italia,+39 2315 28720991,vittadelloamalia@virgilio.it
808,Letta,22/12/1972,Caccianemico terme,Cuneo,Italia,+39 219 47887598,qromiti@libero.it
809,Filippini,07/03/1939,Borgo Alphons,Varese,Italia,+39 4508 66696195,lidia04@gmail.com
810,Carosone,08/12/1984,San Franco laziale,Sassari,Italia,+39 020 88383627,lazzaro22@grimani.eu
811,Pertile,27/01/1938,Settimo Aurora ligure,Messina,Italia,+39 3973 9139260,
812,Niscoromni,27/05/1985,Cammarata lido,Pistoia,,,nanni99@mengolo.eu
813,Stefanelli,31/08/1936,Quarto Lara,Treviso,Italia,,comissopuccio@raurica.it
814,Beccaria,23/12/1981,Settimo Puccio,Forlì-Cesena,Italia,+39 422 37847209,aiadanza@gmail.com
815,Filippini,30/09/1937,San Fabio,Vercelli,Italia,+39 9837 42027472,benedettopacomio@tutino.com
816,Soderini,06/10/1949,Altera veneto,Teramo,Italia,+39 99 95885955,michela06@tropea-tuzzolino.it
817,Palladio,22/04/1990,Silvia a mare,Ragusa,Italia,+39 93 8921601,marcantonio35@bocca-lettiere.com
818,Esposito,19/06/1941,San Greco,Benevento,Italia,+39 590 46 54 1577,
819,Magnani,04/11/1978,Morrocco veneto,Teramo,Italia,+39 38 43647658,dulbeccogioffre@renier.net
820,Nadi,18/11/1939,Settimo Tonino umbro,Ragusa,Italia,+39 416 1530078,xmazzanti@giacometti.com
821,Salandra,15/11/1949,Sebastiano nell'emilia,,Italia,+39 035 91 67 7657,molesinipaulina@morlacchi.it
822,Correr,18/10/1993,Settimo Allegra umbro,Latina,Italia,+39 490 70960939,ermes54@hotmail.it
823,Trevisan,23/03/1983,Borgo Ernesto,Vercelli,Italia,+39 985 05742643,rubertodomenico@campise-argenti.it
824,Dossi,20/06/1986,Gabriele lido,Palermo,Italia,+39 24 0904189,
825,Bonino,25/03/2005,Settimo Diana sardo,Teramo,Italia,+39 596 68727735,soleceri@sinisi.net
826,Callegaro,11/01/1997,Pietrangeli lido,Vercelli,Italia,+39 76 03419963,roberta03@sokolov.com
827,Pozzecco,24/02/1982,Casale lido,Asti,Italia,+39 410 2498143,tamburiniluciano@caccianemico-cammarata.it
828,Mascheroni,23/10/1967,Barcaccia sardo,Vercelli,Italia,+39 1460 0582938,matildasansoni@yahoo.com
829,Platini,22/03/1935,Sesto Piersanti,Pistoia,Italia,+39 7065 04511670,sokolovmaurilio@renault-giorgetti.eu
830,Accardo,08/01/1984,Caracciolo lido,Ragusa,Italia,+39 365 48743525,maurilio70@libero.it
831,Naccari,25/05/2003,San Romana,Frosinone,Italia,+39 94 51707323,fiorinopiane@libero.it
832,Gemito,08/02/2005,Pacillo ligure,Potenza,Italia,+39 8116 51176236,imelda42@outlook.com
833,Udinese,22/12/1958,San Donato salentino,Genova,Italia,+39 093 2997037,ugoluzi@morandini.org
834,Mercalli,16/06/1965,Beppe nell'emilia,L'Aquila,Italia,,gianpietrogentili@cendron.com
835,Pederiva,25/11/1959,Settimo Tullio,Caltanissetta,Italia,+39 0115 76734924,
836,Pizzetti,19/06/1967,Ruffini a mare,Ravenna,,+39 79 10154109,eugeniaantonini@soderini-carducci.it
837,Scialpi,28/10/1940,Francesco veneto,Grosseto,Italia,+39 340 63 62 5743,cbottigliero@biagiotti.com
838,Toldo,02/11/1966,Quarto Giulio,,Italia,+39 30 44607333,giampaolo52@ginese.it
839,Barillaro,25/09/1986,Condoleo veneto,Firenze,Italia,,padovanoalfredo@hotmail.it
840,Ritacca,01/07/1954,Sesto Ignazio laziale,Ragusa,Italia,+39 8820 6995069,erossi@ferrucci.it
841,Gaggini,18/04/1974,Littizzetto salentino,Udine,Italia,+39 6538 4217803,vittoria28@virgilio.it
842,Giannetti,17/07/1969,Antonia ligure,Messina,Italia,+39 253 91 60 2971,
843,Volta,26/06/1980,Quarto Alfredo,Belluno,Italia,+39 1764 1395721,
844,Magrassi,05/02/1970,Costanzi salentino,Pisa,Italia,+39 307 15 06 7309,qgianvecchio@canova.eu
845,Cesaroni,27/10/1939,Caccioppoli salentino,,Italia,+39 14 7972294,mauro88@hotmail.it
846,Corradi,23/08/1997,Mennea salentino,Gorizia,Italia,+39 9119 9864900,durantelollobrigida@alice.it
847,Procacci,26/09/1942,Fabia a mare,Arezzo,Italia,+39 71 2050442,giacomopetrocelli@poste.it
848,Asprucci,27/04/1976,Pomponio veneto,Cremona,Italia,,wgranatelli@vodafone.it
849,Gravina,15/07/1975,Goffredo sardo,Venezia,Italia,+39 1967 78085049,ippazio52@gelli.com
850,Montalti,02/03/1961,Govoni laziale,Sassari,Italia,+39 035 53 21 2246,magnanigianpaolo@botta.net
851,Gargallo,28/05/1952,Sesto Rosalia,Siena,Italia,+39 423 67586953,ranieri62@outlook.com
852,Garzoni,13/02/1996,Settimo Evangelista,Sondrio,Italia,+39 413 1514054,cassandra45@curci.it
853,Guinizzelli,04/12/1939,Jolanda calabro,Lecce,Italia,+39 971 38 47 4186,camilleriluchino@live.com
854,Troisi,05/10/1953,Settimo Giulia,Genova,Italia,+39 445 7437956,bruno71@tele2.it
855,Marazzi,21/03/2000,Bajamonti ligure,Alessandria,Italia,+39 572 55957979,zaccomichelotto@hotmail.it
856,Versace,31/01/1952,Giosuè salentino,Rimini,Italia,+39 556 7667400,
857,Ponti,18/09/1946,,Reggio Calabria,Italia,+39 49 08518745,
858,Malenchini,26/08/1979,Sylvia ligure,Perugia,,+39 01 10983960,mpetrucelli@cipolla.it
859,Canetta,13/12/1933,Quarto Domenico,Lodi,Italia,+39 79 63622137,marcellomalaparte@alice.it
860,Gilardoni,25/06/2001,,Terni,Italia,+39 7533 9964514,marissaughi@gmail.com
861,Tirabassi,20/02/1943,Rossana laziale,Napoli,Italia,+39 690 2746670,toni95@borzomi.org
862,Bernini,26/05/1982,Quarto Vittoria lido,Novara,Italia,+39 6588 20188854,armando59@paltrinieri.eu
863,Pasolini,01/05/1934,San Costanzo ligure,Sondrio,Italia,+39 604 08 63 0129,anichinisilvio@tim.it
864,Fischetti,10/03/1934,Stefanelli veneto,Terni,Italia,+39 46 08091414,nonisivan@seddio-ravaglioli.it
865,Caironi,18/12/1974,Sesto Monica,Olbia-Tempio,Italia,,qnotarbartolo@tele2.it
866,Moccia,09/08/1968,Interminelli lido,Napoli,Italia,+39 149 1905069,achille09@libero.it
867,Liguori,01/12/1977,Vanessa laziale,,Italia,+39 886 06542840,ludovicogiolitti@mastroianni.it
868,Vigliotti,28/01/1937,Quarto Irma terme,Belluno,Italia,+39 8325 4302622,amaliamanacorda@simeoni.com
869,Garibaldi,11/09/1933,Sesto Valerio nell'emilia,Novara,Italia,+39 009 6949135,ludovicagargallo@pennetta.org
870,Cabibbo,12/06/1973,Sesto Elena umbro,Carbonia-Iglesias,Italia,+39 428 57037132,ludovicotrevisan@gmail.com
871,Trotta,01/01/1940,San Pietro,Cremona,Italia,+39 5903 9439645,benito06@bernardi.com
872,Dandolo,09/02/1970,Borgo Telemaco,Olbia-Tempio,Italia,+39 200 77 81 0852,hmorandi@poste.it
873,Iacobucci,02/06/1949,Simonetta salentino,Oristano,Italia,,vbinaghi@benigni.com
874,Morrocco,23/10/1982,San Durante,Bologna,Italia,+39 23 7454417,orestequerini@alice.it
875,Travaglia,10/04/1993,Eugenia ligure,Brindisi,Italia,+39 2853 73780641,giovanni54@tele2.it
876,Crispi,02/05/1962,Ariosto a mare,Massa-Carrara,Italia,+39 073 33731452,
877,Condoleo,15/08/1978,Settimo Antonietta terme,Vicenza,,+39 2326 92179236,miniatialessandro@tin.it
878,Cendron,10/11/1968,Calgari calabro,Olbia-Tempio,Italia,+39 96 5143760,veronicaagazzi@marzorati-bernardini.eu
879,Barzini,30/07/1948,Anguissola lido,Crotone,Italia,+39 071 5465344,ninacasellati@tele2.it
880,Bertoni,16/11/1979,Settimo Coriolano,Lecco,Italia,+39 043 32188778,carlomatteotti@gmail.com
881,Respighi,09/07/1974,Sesto Rosina terme,Savona,Italia,+39 993 69039112,giannettigloria@live.com
882,Corradi,30/07/1991,,Isernia,Italia,+39 809 3854312,augusto01@fusani-pacelli.net
883,Baglioni,02/01/1935,Sesto Claudio veneto,Reggio Calabria,Italia,+39 508 47 04 8525,toninosaraceno@hotmail.com
884,Tacchini,08/10/1946,Sesto Lara a mare,Modena,Italia,+39 589 98 98 7942,vezzalirenzo@borsellino-paolini.org
885,Fo,18/06/1983,Settimo Vincentio veneto,L'Aquila,Italia,+39 077 0454792,alfierigilberto@hotmail.com
886,Riccati,04/11/1962,Sesto Sandro,Parma,Italia,,annalisa81@outlook.com
887,Platini,20/04/1973,Borgo Ermanno,Massa-Carrara,Italia,+39 0483 12009059,dudinesi@franscini.com
888,Donà,05/11/1946,Raffaellino salentino,Novara,Italia,+39 79 4150908,ymancini@sokolov.com
889,Bonino,04/03/1994,Longhena salentino,Pisa,Italia,+39 5996 1559179,giancarlo41@tele2.it
890,Faugno,25/09/2000,Quarto Ermes,Lucca,Italia,+39 78 0629928,ibrancaccio@tim.it
891,Pasolini,06/11/1965,Sesto Bartolomeo ligure,Asti,Italia,+39 1973 73295267,vpedrazzini@libero.it
892,Collina,26/05/1947,Sesto Priscilla nell'emilia,Napoli,Italia,+39 28 31689746,imorrocco@tin.it
893,Garibaldi,23/07/1950,Donatello ligure,Udine,Italia,,bernardo41@montesano.org
894,Abbagnale,01/07/1979,Guido salentino,Verbano-Cusio-Ossola,Italia,+39 164 2886582,navonefausto@pasolini.eu
895,Cundari,24/08/1971,Piccinni nell'emilia,Ragusa,Italia,+39 3703 5622329,valieraria@gmail.com
896,Barzini,13/06/1955,Petrucelli lido,Prato,Italia,+39 08 2476741,
897,Gianvecchio,14/03/1974,Enrico veneto,Siena,Italia,+39 817 21 69 9654,wgiunti@dona-pellegrini.net
898,Lettiere,22/06/1988,Quarto Giacomo,Grosseto,Italia,+39 856 16 77 4577,libertofermi@trebbi.eu
899,Fusani,11/07/1962,Angelo terme,Pistoia,Italia,+39 1514 9962273,tonino48@fastwebnet.it
900,Caruso,14/02/1990,Raffaello lido,Verbano-Cusio-Ossola,Italia,+39 9594 77692125,enzioalonzi@fastwebnet.it
901,Morandini,22/11/1967,Gentilini laziale,La Spezia,Italia,,ybruno@outlook.com
902,Tebaldi,24/03/1960,Borgo Ornella,Asti,Italia,+39 244 03 06 5709,sabatinoferrari@ricciardi.net
903,Parmitano,09/06/1951,Borgo Ruggero,Brindisi,Italia,+39 707 1463349,silvia50@murri.it
904,Tasca,20/05/2001,Sesto Chiara nell'emilia,Trento,Italia,+39 2162 61781471,luchino26@hotmail.it
905,Fantoni,25/03/1958,Milo a mare,Palermo,Italia,+39 5410 00089393,pinaiacobucci@antonelli.it
906,Andreotti,02/12/1995,Sesto Gianpaolo,Olbia-Tempio,Italia,+39 637 00 40 8796,torloniagabriele@gmail.com
907,Morellato,15/11/2000,Marisa ligure,Napoli,Italia,+39 25 5951339,pisaroniedoardo@caccianemico-salvo.org
908,Luxardo,05/07/1935,Oreste laziale,Grosseto,Italia,+39 231 8187782,simone30@alice.it
909,Cusano,15/05/1946,Isabella lido,Vibo Valentia,Italia,+39 335 92 11 8156,giulio48@boezio-franceschi.com
910,Jovinelli,12/09/1998,Victoria del friuli,Oristano,Italia,+39 837 41447709,gaetano64@granatelli-gioberti.it
911,Toldo,11/02/1992,Viridiana umbro,Frosinone,Italia,+39 8137 28507643,
912,Anguillara,28/06/1942,Sesto Sergius lido,Alessandria,Italia,+39 653 7004175,filangieritatiana@live.com
913,Sermonti,17/07/1964,Bartolomeo sardo,Caltanissetta,,+39 9916 83102718,galasso01@poste.it
914,Venier,22/07/1933,San Sandro a mare,Barletta-Andria-Trani,Italia,+39 409 85600164,ilariapetrucelli@contarini.eu
915,Casagrande,02/04/1997,,Macerata,Italia,+39 7164 0683713,
916,Cremonesi,01/05/1966,Borgo Paride salentino,Cuneo,Italia,+39 61 9332951,priscillajilani@scandone-bondumier.it
917,Ortolani,18/08/1998,Santi laziale,Grosseto,Italia,+39 40 4778231,berenice68@verdone-argento.it
918,Bosurgi,26/02/1978,Settimo Beppe,Treviso,Italia,+39 6588 7300551,virginia34@cortese.com
919,Trupiano,27/04/1970,Emma terme,L'Aquila,Italia,+39 604 1788853,galiazzomelina@alice.it
920,Trupiano,24/10/1995,Quarto Nico,Massa-Carrara,Italia,,bacciobrugnaro@ludovisi.net
921,Brenna,13/01/2003,San Adelasia sardo,Cosenza,Italia,+39 07 4716696,eraldobruscantini@volta.it
922,Tosto,11/06/1943,Sesto Gioachino,Sondrio,Italia,+39 506 1965138,bajamontibartolomeo@tiscali.it
923,Tosi,09/04/1963,Sesto Adele del friuli,Livorno,Italia,+39 7107 4866058,mattia97@live.com
924,Campanella,26/07/1946,Parpinel sardo,Pescara,Italia,+39 162 40566019,ubertogigli@vodafone.it
925,Orlando,26/06/1949,Settimo Agostino,Udine,,+39 5867 21384503,adamo65@fastwebnet.it
926,Ferragni,15/04/1969,Venditti umbro,Latina,Italia,+39 456 75650066,delfino24@libero.it
927,Interminelli,15/03/1987,Settimo Vanessa,Belluno,Italia,+39 2708 77264787,tatianatafuri@libero.it
928,Vendetti,06/12/1943,Calogero lido,Aosta,Italia,+39 10 25989977,inzaghiromana@tim.it
929,Dandolo,13/05/1958,Settimo Aldo sardo,Ravenna,Italia,+39 7803 4858809,gionatapellegrini@tim.it
930,Cherubini,27/12/1960,Settimo Antonino terme,Enna,Italia,+39 2643 29706903,padovanoeliana@live.com
931,Casale,29/03/1963,Quarto Adelasia salentino,Brescia,Italia,+39 967 9591326,hnordio@barsanti.it
932,Franzese,05/12/1976,Sesto Carmelo lido,Nuoro,Italia,+39 177 5143046,brogginimattia@gmail.com
933,Carosone,11/03/1950,Borgo Gelsomina,Verbano-Cusio-Ossola,Italia,,zmaglio@gmail.com
934,Tedesco,12/03/1942,Borgo Berenice,Novara,Italia,+39 188 01 93 1480,rtutino@libero.it
935,Mercati,30/04/1991,Ricciotti lido,Prato,Italia,+39 570 9698490,
936,Pasolini,12/07/1936,Armando lido,Carbonia-Iglesias,Italia,+39 65 12039206,dcollina@prodi-cilea.eu
937,Florio,27/03/1979,Sesto Simonetta salentino,Ravenna,Italia,+39 4609 4794561,
938,Filangieri,03/09/1956,Brenna del friuli,Como,Italia,+39 0870 3483356,
939,Gullotta,26/06/2001,Biagio salentino,Alessandria,Italia,+39 25 02687243,beffaadelasia@lombroso.com
940,Travaglio,15/05/1936,Alessandra calabro,Pesaro e Urbino,Italia,+39 0275 5496680,antelamioreste@alice.it
941,Visintini,03/08/1954,Baccio umbro,Viterbo,Italia,+39 308 55221427,napoleone83@hotmail.com
942,Donatoni,18/09/1988,Agazzi veneto,Trieste,Italia,+39 639 24 78 1173,wrossi@alice.it
943,Cammarata,12/04/1936,Borgo Rosina,Verona,Italia,+39 93 69350929,comeriatoarmando@monti.it
944,Mercalli,26/12/1937,Gabbana terme,Imperia,Italia,+39 7595 02469739,vstrangio@hotmail.it
945,Mancini,18/10/1986,Settimo Armando,Siracusa,Italia,+39 11 41242274,oleoncavallo@mozart.it
946,Modigliani,14/06/1984,Lorenzo ligure,Ferrara,Italia,+39 053 8270483,vincenzabellocchio@alice.it
947,Nordio,22/11/2002,Sesto Rosina,Pescara,Italia,+39 4464 6651502,
948,Tognazzi,31/07/1950,,Venezia,Italia,+39 58 28715797,eliana00@cardano.it
949,Zoppetto,17/08/1983,Sesto Ansaldo,Piacenza,Italia,+39 944 59 31 6392,uberto69@libero.it
950,Onisto,24/05/1941,Sesto Cirillo laziale,Barletta-Andria-Trani,Italia,+39 61 7834049,vpriuli@ferrata.it
951,Pincherle,24/10/1991,Giacobbe veneto,Udine,Italia,+39 7540 10354881,pasqualsforza@outlook.com
952,Cipolla,17/08/1997,Settimo Pier,,Italia,+39 259 4928787,bacciocalgari@tin.it
953,Porzio,11/07/1958,Quarto Lucio,Teramo,Italia,,reggevito@montessori-toscanini.net
954,Bombieri,21/03/1998,Greco laziale,,Italia,+39 208 45 79 2389,carolinapinamonte@antonello.it
955,Lamborghini,23/10/2000,Borgia umbro,Ragusa,Italia,+39 602 0460789,argurioseverino@hotmail.com
956,Abbagnale,24/04/1943,Settimo Fiorino lido,Ragusa,Italia,+39 3209 8297379,vstaglieno@hotmail.com
957,Scotto,07/02/1938,,Belluno,Italia,+39 5965 7567444,storladimichele@ferrara-nicolucci.org
958,Benussi,30/08/1938,Quarto Giuseppina terme,Udine,Italia,+39 299 03510636,gianpaoloajello@marino-manunta.org
959,Modugno,13/06/1963,Margherita umbro,Rimini,Italia,,zaccagninitiziana@libero.it
960,Cremonesi,21/10/1955,Ramona ligure,Venezia,Italia,+39 9703 2381986,gpellegrini@alice.it
961,Briccialdi,14/07/1987,Quarto Emma del friuli,,Italia,+39 6502 1911229,papafavaflavia@gmail.com
962,Cignaroli,07/05/1950,San Lodovico,Isernia,Italia,+39 253 11 34 6472,flora17@ammaniti-milanesi.com
963,Nonis,28/01/1984,Fogazzaro ligure,Modena,Italia,+39 0914 7974860,renaultlucio@gmail.com
964,Prodi,12/01/1972,Collina salentino,Reggio Emilia,Italia,+39 3971 19499897,spanevellorita@libero.it
965,Gottardi,28/01/1972,Borgo Flora,Vicenza,Italia,,vezzalileone@poste.it
966,Toldo,17/02/1999,Borgo Martina lido,Latina,Italia,+39 6821 63423681,ranieri42@gmail.com
967,Spallanzani,26/11/1955,Gelsomina a mare,Belluno,,+39 822 3769086,alberico34@baggio.it
968,Marenzio,07/07/1963,Settimo Aria,Cosenza,Italia,+39 7799 9581578,pzampa@cimarosa-malpighi.com
969,Botticelli,27/12/1995,Settimo Vincenzo,Bari,Italia,+39 099 3454523,riccardodallape@bellini.it
970,Paoletti,30/06/1982,Cremonesi del friuli,Ogliastra,Italia,+39 82 35723905,ltorlonia@carriera.com
971,Malatesta,11/10/1995,Argenti veneto,Rieti,Italia,+39 3733 24273743,chiaralittizzetto@mocenigo.it
972,Bandello,14/06/1977,Quarto Ottone ligure,Monza e della Brianza,Italia,+39 3703 02119452,enziofaugno@cilea-castioni.net
973,Einaudi,28/08/1996,San Alessandro veneto,Teramo,Italia,+39 067 08705258,
974,Treccani,24/04/1950,Sesto Augusto,Brescia,Italia,+39 73 91890114,gloria24@virgilio.it
975,Baroffio,30/10/1977,Virgilio a mare,Pistoia,Italia,+39 524 39518339,qjacuzzi@gmail.com
976,Frescobaldi,29/04/1980,Borgo Ilaria,Perugia,Italia,+39 748 2936029,manuelfilippelli@live.com
977,Rensi,01/08/1955,Sesto Ermes,,Italia,+39 059 79470933,rosariomonte@tele2.it
978,Binaghi,17/12/2000,Brichese terme,Cosenza,Italia,+39 62 14401167,ferdinandotogliatti@donati.it
979,Pace,30/09/1960,Borgo Rosa,Pistoia,Italia,+39 18 60362533,sophiavenier@outlook.com
980,Villadicani,20/07/2002,Petrucci laziale,Cosenza,Italia,+39 951 8379391,lferrabosco@vodafone.it
981,Abatantuono,28/02/1982,Costanzi terme,Livorno,Italia,+39 2050 9690164,laureano71@libero.it
982,Luria,02/03/1961,Maurizio veneto,Arezzo,Italia,+39 951 87 18 5346,modiglianiraffaella@gmail.com
983,Telesio,13/04/1938,Borgo Piermaria,Siena,Italia,+39 17 19723909,mazzinigianpietro@tiscali.it
984,Galiazzo,07/12/1980,Borromini nell'emilia,Reggio Calabria,Italia,,benitopepe@fastwebnet.it
985,Marino,28/09/1979,Emma del friuli,Pistoia,Italia,+39 97 2935804,acasaleggio@gritti.it
986,Lerner,31/12/1993,Settimo Michele,Ascoli Piceno,Italia,+39 0712 26054398,salvipaoletti@galtarossa.org
987,Trentini,21/12/1936,Quarto Renzo,Potenza,Italia,+39 28 04543314,tassodomenico@tele2.it
988,Stein,02/01/1967,Ricciotti ligure,Siena,Italia,+39 0248 3251745,guido89@piccio.it
989,Filippini,06/10/1993,San Enrico,Siracusa,Italia,+39 370 55404546,ornella63@libero.it
990,Pacomio,13/08/1957,Ennio laziale,Medio Campidano,Italia,+39 806 79896826,grassinina@tele2.it
991,Zecchini,04/09/1934,Settimo Tullio veneto,Pescara,,+39 789 82 85 7148,vgolgi@virgilio.it
992,Ceci,01/03/1987,San Galasso lido,Macerata,,+39 71 7607713,toninellirosalia@satta.com
993,Cianciolo,02/08/1971,Borgo Melina,Teramo,Italia,+39 9577 78953718,ugograssi@chechi.it
994,Donini,26/06/1990,Sesto Rembrandt,Medio Campidano,Italia,+39 72 68282262,
995,Spinelli,01/12/1965,Cattaneo del friuli,Matera,Italia,+39 57 77873162,sophia14@trapanese.it
996,Canali,02/01/1988,Berengario calabro,Aosta,Italia,+39 7148 06206886,renierpaola@calarco-filzi.org
997,Cimini,15/04/1997,Borgo Lucio lido,Agrigento,Italia,+39 31 14015834,tutinogiuseppina@orengo-casaleggio.org
998,Garozzo,20/09/1960,Leonardo calabro,Bari,Italia,+39 730 88 48 9973,bacciograssi@tim.it
999,Filzi,05/01/1957,Gianinazzi salentino,Napoli,Italia,,coriolano36@perozzo.com
