unique_id ,first_name    ,last_name     ,dob        ,contact_email
        0 ,Claudia       ,Cavanna       ,16/08/1998 ,giosuegreco@luxardo.com
        1 ,Gianluca      ,Draghi        ,07/06/1995 ,federigoparpinel@tim.it
        2 ,Antonino      ,Cignaroli     ,22/06/1933 ,mcherubini@guidotti-tirabassi.it
        3 ,Annamaria     ,Sanudo        ,27/07/1975 ,vincenzaeinaudi@grasso.it
        4 ,Sophia        ,Gualtieri     ,09/07/1988 ,reniercorrado@tin.it
        5 ,Damiano       ,Baglioni      ,09/06/1941 ,fredoscarpa@libero.it
        6 ,Annamaria     ,Vigliotti     ,19/01/1975 ,alberico79@mengolo-cimini.it
        7 ,Alessio       ,Maffei        ,15/08/1994 ,teresacasale@lucciano.com
        8 ,Tatiana       ,Sollima       ,19/01/1995 ,azeglio80@gagliano.eu
        9 ,Giuliana      ,Cavanna       ,22/09/2002 ,fernanda99@hotmail.com
       10 ,Gino          ,Bernardi      ,17/02/1991 ,marissa94@colletti.net
       11 ,Maura         ,Giusti        ,09/04/1991 ,susanna51@gasperi-baroffio.it
       12 ,Lauretta      ,Jilani        ,20/02/1978 ,cassandramonicelli@gatto-camuccini.net
       13 ,Dario         ,Albertini     ,06/06/1980 ,roberta80@virgilio.it
       14 ,Augusto       ,Ruffini       ,07/02/1985 ,lcardano@tiscali.it
       15 ,Santino       ,Ginesio       ,26/03/1972 ,callegarocaterina@libero.it
       16 ,Nico          ,Scarlatti     ,04/01/1999 ,piacentinielvira@vodafone.it
       17 ,Benvenuto     ,Volta         ,18/09/1977 ,trevisanichiara@castelli-babbo.com
       18 ,Baccio        ,Frescobaldi   ,03/02/1993 ,piermaria22@live.com
       19 ,Ruggero       ,Sonnino       ,09/06/1991 ,tpratesi@hotmail.com
       20 ,Piergiorgio   ,Luria         ,31/12/1986 ,qmagnani@tele2.it
       21 ,Coluccio      ,Trussardi     ,31/12/1943 ,bompianimaurilio@poste.it
       22 ,Claudio       ,Majorana      ,20/10/1982 ,dario29@live.com
       23 ,Dino          ,Nolcini       ,17/11/1993 ,gioffre02@colletti-moccia.com
       24 ,Coriolano     ,Gottardi      ,20/08/1993 ,collettisantino@doglioni.eu
       25 ,Marcella      ,Turati        ,12/07/1939 ,ezanzi@verdone.it
       26 ,Alphons       ,Peruzzi       ,02/09/1961 ,alfio82@albertini.it
       27 ,Fabrizio      ,Priuli        ,23/02/1988 ,vianellonedda@maggioli.net
       28 ,Toni          ,Ruffini       ,12/08/1933 ,kbotta@fogazzaro.it
       29 ,Annibale      ,Navarria      ,06/06/1934 ,tiziano45@tassoni-vendetti.net
       30 ,Vincentio     ,Favata        ,22/03/1968 ,udinesepiergiorgio@platini.com
       31 ,Maurizio      ,Foscari       ,26/11/2004 ,domenicocalvo@libero.it
       32 ,Azeglio       ,Fibonacci     ,28/06/1953 ,camillaraimondi@mazzocchi.it
       33 ,Amleto        ,Pizziol       ,18/06/1983 ,xjuvara@yahoo.com
       34 ,Amanda        ,Udinesi       ,30/07/2003 ,vito21@infantino.it
       35 ,Romina        ,Odescalchi    ,18/12/1952 ,bettinabaglioni@argurio.it
       36 ,Hugo          ,Orengo        ,11/10/2002 ,epininfarina@tele2.it
       37 ,Giuliano      ,Boitani       ,10/04/1951 ,gilberto10@michelangeli.it
       38 ,Imelda        ,Paolucci      ,15/03/1989 ,grassidurante@live.com
       39 ,Ubaldo        ,Ungaretti     ,10/11/1950 ,alessiapertini@norbiato.com
       40 ,Liliana       ,Babato        ,07/06/1996 ,fortunatamoretti@guinizzelli.com
       41 ,Fredo         ,Dalla         ,17/02/1962 ,amalia32@foscari-trevisani.com
       42 ,Jacopo        ,Michelangeli  ,03/10/1989 ,flavia47@virgilio.it
       43 ,Lucrezia      ,Orengo        ,20/12/1941 ,lporzio@libero.it
       44 ,Ivan          ,Schiavone     ,11/07/1946 ,stuzzolino@cipolla-bulzoni.com
       45 ,Michelangelo  ,Toscanini     ,11/03/1955 ,manuelcheda@carocci.it
       46 ,Fabrizio      ,Argurio       ,17/05/1934 ,valerio86@ramazzotti.it
       47 ,Ettore        ,Colletti      ,27/05/1984 ,manuelgiannuzzi@tresoldi-gianetti.com
       48 ,Aurora        ,Zeffirelli    ,17/10/1966 ,gabriele09@coardi-cicala.it
       49 ,Barbara       ,Panicucci     ,29/03/1965 ,fargentero@bosurgi.it
       50 ,Eleanora      ,Zanazzo       ,26/01/1975 ,ygradenigo@renault.com
       51 ,Domenico      ,Ferragamo     ,05/09/1963 ,pellegrino05@hotmail.it
       52 ,Ferdinando    ,Ruffini       ,24/05/1979 ,ugelli@papafava.it
       53 ,Ivan          ,Cafarchia     ,11/07/1956 ,durantevalier@hotmail.it
       54 ,Luca          ,Treves        ,01/07/1942 ,eleanora66@tiscali.it
       55 ,Alberico      ,Vezzali       ,13/03/1941 ,rorsini@panatta.net
       56 ,Massimiliano  ,Turchetta     ,21/07/1947 ,npometta@gmail.com
       57 ,Adriano       ,Chigi         ,10/08/1968 ,fornaciaribartolomeo@gmail.com
       58 ,Gian          ,Galilei       ,18/12/1973 ,gianlucasalata@virgilio.it
       59 ,Ricciotti     ,Leonetti      ,14/05/1967 ,majewskifiorenzo@crispi.com
       60 ,Raffaello     ,Frescobaldi   ,25/08/1973 ,gianfrancesco53@live.com
       61 ,Adelasia      ,Ludovisi      ,09/12/1975 ,smicca@libero.it
       62 ,Enzo          ,Torlonia      ,15/08/1998 ,vabba@virgilio.it
       63 ,Severino      ,Asmundo       ,19/03/1959 ,opanatta@fantoni.com
       64 ,Nicoletta     ,Castiglione   ,01/10/1957 ,giancarlogarrone@gmail.com
       65 ,Germana       ,Greggio       ,15/12/1932 ,fabia59@hotmail.com
       66 ,Rosa          ,Gigli         ,06/07/1965 ,romina83@monte.net
       67 ,Benito        ,Battelli      ,26/12/1971 ,robertoregge@badoglio.net
       68 ,Hugo          ,Tiepolo       ,24/12/1947 ,parideangiolello@libero.it
       69 ,Raimondo      ,Mazzi         ,19/07/2002 ,vpacetti@dibiasi.com
       70 ,Daniele       ,Favata        ,26/11/1970 ,tina90@chiappetta.com
       71 ,Girolamo      ,Udinesi       ,11/08/1958 ,pbaresi@nordio.it
       72 ,Elvira        ,Marcacci      ,05/05/1949 ,coccicarmelo@vodafone.it
       73 ,Alessandra    ,Tosto         ,23/10/1945 ,veronicatrapanese@poste.it
       74 ,Martino       ,Chiappetta    ,03/10/1972 ,iolandagentileschi@rinaldi-biagiotti.it
       75 ,Coriolano     ,Faranda       ,16/11/1998 ,fbiagiotti@jovinelli.net
       76 ,Marco         ,Iannelli      ,01/04/1949 ,arnaldofermi@alice.it
       77 ,Livia         ,Tognazzi      ,01/10/1982 ,dionigi61@gmail.com
       78 ,Benedetto     ,Mascheroni    ,12/03/1955 ,giannettigiorgio@prati.net
       79 ,Adriano       ,Argurio       ,26/08/1962 ,zaccagninisandro@bevilacqua-zichichi.org
       80 ,Ezio          ,Durante       ,13/08/1996 ,morucciatenulf@muti-malpighi.it
       81 ,Vittoria      ,Chindamo      ,13/05/1949 ,gioffrecasalodi@outlook.com
       82 ,Iolanda       ,Rossi         ,11/06/1998 ,giuliettazabarella@outlook.com
       83 ,Eleanora      ,Cagnotto      ,03/11/1947 ,vecoliromina@bajardi-foconi.net
       84 ,Baccio        ,Versace       ,30/07/1988 ,morenacarpaccio@almagia.it
       85 ,Maura         ,Fermi         ,29/09/1955 ,panzeravirginia@mastroianni-accardo.net
       86 ,Daria         ,Toselli       ,03/04/1957 ,torquato58@sbarbaro.it
       87 ,Puccio        ,Goldoni       ,25/10/1954 ,contarinimilo@poste.it
       88 ,Rita          ,Mannoia       ,17/12/1951 ,flaviorismondo@virgilio.it
       89 ,Renzo         ,Garzoni       ,25/08/1945 ,mutiluigi@tim.it
       90 ,Paolo         ,Marinetti     ,06/03/1954 ,marisa63@nolcini.com
       91 ,Hugo          ,Fantini       ,09/11/1996 ,lolitasonnino@castelli.it
       92 ,Antonino      ,Interminei    ,21/08/1997 ,boccionimarissa@virgilio.it
       93 ,Mauro         ,Sbarbaro      ,23/02/1936 ,mariabarracco@verri-grasso.com
       94 ,Gianna        ,Odescalchi    ,30/05/1975 ,tguarana@garobbio.it
       95 ,Tiziano       ,Ruffini       ,10/06/1958 ,susannaortolani@pigafetta.org
       96 ,Liliana       ,Verdi         ,10/07/1941 ,borgiaadelasia@tim.it
       97 ,Pellegrino    ,Grimani       ,10/11/1979 ,valguarnerasalvatore@yahoo.com
       98 ,Flavia        ,Costalonga    ,14/09/1963 ,largento@emo.com
       99 ,Adelasia      ,Gulotta       ,02/06/1999 ,michelangelofibonacci@maderno.it
      100 ,Elisa         ,Goldoni       ,17/10/1948 ,gibiliscomilena@cadorna.org
      101 ,Leone         ,Tomasetti     ,12/01/1990 ,neddaborrani@tele2.it
      102 ,Gianluigi     ,Casagrande    ,07/02/1963 ,antoninoiacovelli@gualtieri-sandi.com
      103 ,Tiziana       ,Lanfranchi    ,15/11/1960 ,giannottirosa@vodafone.it
      104 ,Roberto       ,Bondumier     ,06/07/1999 ,martinoveltroni@tele2.it
      105 ,Benvenuto     ,Treccani      ,17/05/1999 ,batagliaadelmo@tim.it
      106 ,Amleto        ,Tiepolo       ,08/06/1978 ,lsoderini@versace.org
      107 ,Manuel        ,Maderno       ,15/02/1968 ,leoncavallomorena@live.com
      108 ,Ferdinando    ,Trobbiani     ,14/05/2005 ,emobenvenuto@tele2.it
      109 ,Coriolano     ,Alboni        ,24/05/1959 ,bassinanni@tim.it
      110 ,Natalia       ,Foletti       ,06/11/1937 ,fabriziobasadonna@gmail.com
      111 ,Gionata       ,Giannetti     ,24/02/1955 ,bmengolo@hotmail.com
      112 ,Adele         ,Luria         ,24/08/1999 ,lovatomatilda@gmail.com
      113 ,Delfino       ,Mancini       ,26/02/1953 ,ninetta92@cutuli.it
      114 ,Erika         ,Zaguri        ,18/01/1999 ,tamburienzo@virgilio.it
      115 ,Vanessa       ,Burcardo      ,13/10/1952 ,lucianoottino@fastwebnet.it
      116 ,Cristina      ,Canetta       ,27/11/1940 ,alderano02@yahoo.com
      117 ,Elmo          ,Giacconi      ,10/04/1944 ,jroccabonella@bernini.eu
      118 ,Goffredo      ,Bassi         ,26/07/1941 ,rmigliaccio@ferrazzi.org
      119 ,Donato        ,Caracciolo    ,13/12/1980 ,mariana97@vodafone.it
      120 ,Susanna       ,Bottaro       ,01/10/1935 ,egiannotti@alice.it
      121 ,Aldo          ,Bottaro       ,28/06/1975 ,pgianetti@padovano.net
      122 ,Giulio        ,Impastato     ,06/01/1994 ,cristinarusticucci@scarfoglio.eu
      123 ,Bernardo      ,Zichichi      ,02/05/1964 ,filippagovoni@alice.it
      124 ,Ermenegildo   ,Coppola       ,09/05/1958 ,afagotto@norbiato.net
      125 ,Fabia         ,Donarelli     ,29/01/1968 ,draghidaria@sauli.eu
      126 ,Gianfranco    ,Columbo       ,25/04/1983 ,fbrancaccio@tele2.it
      127 ,Mauro         ,Ottino        ,29/12/1947 ,ubaldinadia@libero.it
      128 ,Giacinto      ,Sauli         ,02/07/1955 ,umbertocorcos@hotmail.com
      129 ,Livio         ,Orlando       ,02/02/1944 ,serlupialessandro@baresi.org
      130 ,Fedele        ,Casalodi      ,14/01/1993 ,azegliosmirnoff@gregorio.com
      131 ,Telemaco      ,Almagià       ,31/05/1998 ,romolobombieri@goldoni.it
      132 ,Tatiana       ,Bartoli       ,12/05/1992 ,enzodoglioni@malpighi-pagnotto.com
      133 ,Alessio       ,Colletti      ,07/04/1988 ,carlasurian@giusti.net
      134 ,Fulvio        ,Mazzini       ,16/01/1981 ,liberto89@zeffirelli-vercelloni.org
      135 ,Graziano      ,Avogadro      ,08/02/1970 ,egucci@valmarana-monicelli.com
      136 ,Lolita        ,Pennetta      ,14/02/1955 ,marianamercadante@poste.it
      137 ,Letizia       ,Monti         ,04/09/1959 ,silviovespucci@condoleo.eu
      138 ,Graziella     ,Gualandi      ,09/01/1998 ,cesaregaleati@niscoromni-anastasi.eu
      139 ,Alessio       ,Bajardi       ,20/01/2003 ,xmercalli@hotmail.it
      140 ,Aurora        ,Tassoni       ,29/05/1976 ,ida07@poste.it
      141 ,Livia         ,Antonioni     ,09/08/1990 ,pierinacolletti@gmail.com
      142 ,Patrizio      ,Franceschi    ,05/09/1974 ,soderinilando@solari.net
      143 ,Marcella      ,Iacobucci     ,26/05/1951 ,jferrabosco@tiscali.it
      144 ,Erika         ,Serraglio     ,21/06/1969 ,biagiojacuzzi@tin.it
      145 ,Agostino      ,Matteotti     ,01/11/2004 ,nino10@tin.it
      146 ,Napoleone     ,Balla         ,23/02/1992 ,btrezzini@togliatti.it
      147 ,Marcantonio   ,Beccheria     ,01/04/1962 ,npetrucelli@guarana.it
      148 ,Fredo         ,Vergerio      ,15/06/1965 ,tozzilina@peruzzi.com
      149 ,Giustino      ,Fabbri        ,06/07/1997 ,zrapisardi@gmail.com
      150 ,Elladio       ,Merisi        ,15/07/1952 ,satrianigiuliano@pirandello.it
      151 ,Luciano       ,Sansoni       ,20/07/1949 ,lauraferretti@hotmail.com
      152 ,Eva           ,Agostini      ,25/01/1961 ,evangelistafrescobaldi@rusticucci.it
      153 ,Antonella     ,Nosiglia      ,07/09/1946 ,venditticecilia@gmail.com
      154 ,Aldo          ,Musatti       ,07/05/1956 ,romeo80@yahoo.com
      155 ,Lamberto      ,Bossi         ,08/07/1992 ,pomponiobernini@yahoo.com
      156 ,Ivan          ,Guarato       ,19/04/1945 ,greca65@serao.it
      157 ,Marcantonio   ,Maggioli      ,03/12/1989 ,bragadindario@gucci.com
      158 ,Victoria      ,Gentilini     ,16/09/2004 ,raffaellogabba@contarini.eu
      159 ,Flavio        ,Farnese       ,09/02/1952 ,xsbarbaro@alice.it
      160 ,Matteo        ,Sabbatini     ,19/10/1983 ,hugo41@tiscali.it
      161 ,Romolo        ,Pisano        ,14/01/1961 ,camillaiannuzzi@gmail.com
      162 ,Gioachino     ,Persico       ,06/07/1945 ,antoniettafilogamo@gmail.com
      163 ,Stefano       ,Tagliafierro  ,05/02/2002 ,viridianasismondi@dellucci-cipolla.net
      164 ,Milena        ,Guidone       ,10/10/1993 ,toniavergassola@pignatti-gianinazzi.com
      165 ,Graziella     ,Ricciardi     ,08/11/1959 ,acerquiglini@yahoo.com
      166 ,Eleanora      ,Taliercio     ,27/08/1984 ,gioffremagnani@tele2.it
      167 ,Stefania      ,Montanariello ,18/10/2002 ,garibalditiziana@tiscali.it
      168 ,Livio         ,Balla         ,12/06/1937 ,amerisi@libero.it
      169 ,Achille       ,Zola          ,14/10/1991 ,pausiniraffaellino@babati.eu
      170 ,Maria         ,Morellato     ,02/12/1945 ,terragniuberto@tiscali.it
      171 ,Nicoletta     ,Coppola       ,28/07/1962 ,gradenigonino@petrucci.com
      172 ,Gionata       ,Ficino        ,12/09/1997 ,vitogiulietti@sinisi.com
      173 ,Giosuè        ,Montecchi     ,24/08/1958 ,augusto55@poste.it
      174 ,Lucia         ,Liverotti     ,28/08/1992 ,giulietticesare@parmitano.org
      175 ,Raffaellino   ,Sabatini      ,17/03/1982 ,verrilauretta@gmail.com
      176 ,Marina        ,Maggioli      ,05/12/1969 ,giovannaspallanzani@gmail.com
      177 ,Rosina        ,Falcone       ,28/09/2004 ,montanelliezio@libero.it
      178 ,Bettina       ,Meucci        ,05/04/1934 ,cmoretti@borgia.com
      179 ,Roman         ,Vento         ,14/12/1969 ,tatianaossola@casagrande.it
      180 ,Federigo      ,Gozzano       ,02/10/1951 ,qbodoni@gmail.com
      181 ,Laura         ,Zoppetto      ,05/09/1981 ,kfiorucci@vodafone.it
      182 ,Annamaria     ,Bruno         ,05/02/1997 ,vgianetti@libero.it
      183 ,Piergiuseppe  ,Giulietti     ,07/10/1985 ,serraglioeleanora@gmail.com
      184 ,Erika         ,Balla         ,07/09/1986 ,toninellifranco@tiscali.it
      185 ,Bettina       ,Spinelli      ,02/01/1969 ,ravaglioliagnolo@almagia.com
      186 ,Maria         ,Ariasso       ,01/04/1948 ,lianaginese@tin.it
      187 ,Ansaldo       ,Grimani       ,26/12/2001 ,gioffresansoni@pacelli.com
      188 ,Benvenuto     ,Volterra      ,19/02/1979 ,pzoppetti@pacetti.com
      189 ,Angelina      ,Cipolla       ,22/10/1937 ,catalanomaura@libero.it
      190 ,Lamberto      ,Musatti       ,02/04/1974 ,nbottigliero@novaro.com
      191 ,Gioacchino    ,Paruta        ,01/04/1980 ,cantonacci@dossetti.it
      192 ,Flora         ,Gentili       ,07/08/1966 ,scagnin@libero.it
      193 ,Barbara       ,Luria         ,08/03/1947 ,yoffredi@giannini-morellato.eu
      194 ,Emma          ,Zoppetti      ,13/01/1956 ,mazziirma@libero.it
      195 ,Antonella     ,Soderini      ,22/09/1955 ,beffarenzo@maffei-sandi.it
      196 ,Gianpaolo     ,Carducci      ,23/08/1937 ,vscialpi@ceci.org
      197 ,Veronica      ,Parmitano     ,30/04/1958 ,isabellaagazzi@gaggini.com
      198 ,Emma          ,Surian        ,17/09/1960 ,piersanti29@hotmail.it
      199 ,Gian          ,Comboni       ,20/01/1981 ,paganinigiacinto@cutrufo-gonzaga.it
      200 ,Ciro          ,Correr        ,10/06/1983 ,aagostinelli@gmail.com
      201 ,Gelsomina     ,Folliero      ,22/12/1963 ,soniaserraglio@outlook.com
      202 ,Azeglio       ,Luxardo       ,29/01/1971 ,alderanocalbo@roth.com
      203 ,Tiziana       ,Zacco         ,13/01/1976 ,xpapafava@alice.it
      204 ,Gianluca      ,Moretti       ,29/12/1962 ,platinigiulio@calgari.it
      205 ,Lazzaro       ,Volterra      ,23/12/1970 ,maurilio06@libero.it
      206 ,Isa           ,Scialpi       ,08/06/1998 ,federicoenzio@vodafone.it
      207 ,Fabrizio      ,Malenchini    ,13/11/1941 ,lauretta91@libero.it
      208 ,Amedeo        ,Martinelli    ,24/01/2000 ,oforza@govoni-gramsci.eu
      209 ,Arnulfo       ,Ferrucci      ,11/06/1971 ,zanazzodolores@boiardo.com
      210 ,Francesca     ,Verga         ,24/01/1997 ,platinidonna@vodafone.it
      211 ,Adelmo        ,Boldù         ,21/11/1985 ,lina54@rizzoli.it
      212 ,Alessia       ,Brugnaro      ,15/02/1941 ,vanessa29@libero.it
      213 ,Michela       ,Moccia        ,08/05/1944 ,jtoso@pedroni.eu
      214 ,Annetta       ,Callegaro     ,01/02/1979 ,novaromassimo@libero.it
      215 ,Gino          ,Iannelli      ,10/10/1963 ,veronicacesaroni@sorrentino.com
      216 ,Federico      ,Govoni        ,11/05/1950 ,marcello38@virgilio.it
      217 ,Adamo         ,Guariento     ,24/03/1936 ,schicchiantonio@poste.it
      218 ,Ignazio       ,Basso         ,10/09/1995 ,lina16@foa.net
      219 ,Maria         ,Bianchini     ,04/11/1943 ,ugolino41@libero.it
      220 ,Ettore        ,Mimun         ,16/05/1936 ,melissagottardi@caruso.eu
      221 ,Alessandra    ,Ricciardi     ,24/02/1939 ,flavia92@libero.it
      222 ,Giulia        ,Gullotta      ,30/04/1997 ,guicciardiniranieri@druso.it
      223 ,Carmelo       ,Cignaroli     ,29/08/1974 ,morgagniantonietta@tognazzi.com
      224 ,Loredana      ,Garozzo       ,30/03/1981 ,raimondo14@mattarella-beccheria.it
      225 ,Cesare        ,Sibilia       ,23/08/1949 ,raimondo80@guinizzelli-guicciardini.it
      226 ,Graziano      ,Montesano     ,03/12/1935 ,berlusconiroberto@bajardi.it
      227 ,Milena        ,Vanvitelli    ,21/05/1987 ,edoardoleoncavallo@filangieri.com
      228 ,Marta         ,Torricelli    ,17/01/1970 ,romagnoliflavia@outlook.com
      229 ,Amico         ,Gentili       ,19/10/2000 ,umbertolovato@borsellino.eu
      230 ,Eliana        ,Morandi       ,14/04/1989 ,dinalombroso@tiscali.it
      231 ,Eliana        ,Tonisto       ,24/03/1959 ,ruggieribartolomeo@alice.it
      232 ,Laureano      ,Nicolucci     ,01/02/1973 ,maria54@ossani-rossini.org
      233 ,Gemma         ,Segrè         ,29/07/1966 ,lando96@vodafone.it
      234 ,Loretta       ,Cuzzocrea     ,16/10/1943 ,giovanniantonetti@pacillo.com
      235 ,Edoardo       ,Falcone       ,02/10/1950 ,jcesaroni@hotmail.com
      236 ,Veronica      ,Beffa         ,12/07/1959 ,scaleranico@druso.com
      237 ,Monica        ,Lanfranchi    ,14/09/1966 ,dolores87@fastwebnet.it
      238 ,Caterina      ,Ostinelli     ,01/03/1981 ,nico52@tagliafierro.org
      239 ,Morena        ,Majewski      ,22/02/1955 ,giulietta51@fastwebnet.it
      240 ,Costanzo      ,Cimarosa      ,31/01/1956 ,soderinidolores@tiscali.it
      241 ,Daniele       ,Bocca         ,31/07/1950 ,barcellalorenzo@agostinelli.it
      242 ,Umberto       ,Callegaro     ,12/05/1989 ,dionigi40@gmail.com
      243 ,Eraldo        ,Montanelli    ,27/06/1976 ,sraffaromolo@tin.it
      244 ,Marta         ,Virgilio      ,01/05/1977 ,tizianacorrer@aporti-traetta.com
      245 ,Martino       ,Vezzali       ,21/02/1963 ,pierpaolo52@libero.it
      246 ,Alfio         ,Salvemini     ,03/07/1963 ,caraccioloezio@trussardi-prodi.it
      247 ,Achille       ,Spinola       ,26/02/1988 ,gelsomina11@libero.it
      248 ,Luigi         ,Cuomo         ,08/06/2005 ,dceci@bergoglio-borghese.com
      249 ,Cesare        ,Toscanini     ,15/06/1997 ,bellucciclelia@tim.it
      250 ,Tatiana       ,Donati        ,15/04/1974 ,bonolislina@chinnici-romano.org
      251 ,Renata        ,Grisoni       ,18/12/1986 ,sscalfaro@corbo-iadanza.it
      252 ,Roberta       ,Terragni      ,23/12/1992 ,lussuangelica@battaglia-favata.net
      253 ,Eleanora      ,Satta         ,22/04/1938 ,msommaruga@fermi.it
      254 ,Elvira        ,Trentini      ,18/06/1999 ,proiettidiana@spallanzani.it
      255 ,Giulio        ,Strangio      ,24/07/1975 ,tedescoraffaello@outlook.com
      256 ,Achille       ,Andreozzi     ,22/09/1935 ,ofaugno@pisani-sauro.net
      257 ,Elisa         ,Rossetti      ,03/01/1936 ,borsellinodonatella@yahoo.com
      258 ,Rosa          ,Borromeo      ,13/07/1945 ,gfederico@tarantini-folliero.net
      259 ,Gloria        ,Verga         ,30/04/1990 ,filippa14@virgilio.it
      260 ,Lucia         ,Borromeo      ,21/09/1982 ,simonecampano@gmail.com
      261 ,Giovanni      ,Basadonna     ,10/07/1956 ,xtrotta@giovine-contrafatto.it
      262 ,Paoletta      ,Pizzo         ,22/10/1956 ,giuseppetoldo@tamburi.it
      263 ,Amico         ,Ferretti      ,16/10/1946 ,vbevilacqua@gmail.com
      264 ,Lidia         ,Troisi        ,24/10/1947 ,michelotto83@ginese-farina.com
      265 ,Achille       ,Gritti        ,14/11/1952 ,rubbiaaurora@muti.com
      266 ,Patrizia      ,Falcone       ,19/01/1992 ,michela38@gmail.com
      267 ,Alessia       ,Faggiani      ,21/05/1959 ,floriogianluigi@samele.it
      268 ,Nanni         ,Lanfranchi    ,29/10/1973 ,nannionisto@hotmail.it
      269 ,Liliana       ,Greco         ,12/02/1975 ,carlilucio@libero.it
      270 ,Francesca     ,Ferrari       ,11/10/1965 ,cesarealfonsi@tele2.it
      271 ,Carla         ,Fuseli        ,01/11/1973 ,beatrice89@gmail.com
      272 ,Vincentio     ,Pasqua        ,19/11/1959 ,ermes94@orsini.com
      273 ,Donatello     ,Tron          ,04/08/1949 ,gianluca99@casalodi.it
      274 ,Simonetta     ,Ferrucci      ,09/03/1978 ,giannafoa@hotmail.it
      275 ,Rossana       ,Corradi       ,25/12/1944 ,sinisifedele@poste.it
      276 ,Sandro        ,Vigorelli     ,14/04/1977 ,antonio59@tiscali.it
      277 ,Marta         ,Iacobucci     ,08/08/1986 ,imartucci@tele2.it
      278 ,Armando       ,Jacuzzi       ,12/04/1943 ,fbergoglio@trapanese.com
      279 ,Leonardo      ,Ceci          ,04/05/2000 ,margherita50@fuseli-petrocelli.eu
      280 ,Antonietta    ,Briccialdi    ,06/08/1996 ,carmelo08@vodafone.it
      281 ,Alina         ,Dalla         ,21/01/1940 ,bacciocicilia@libero.it
      282 ,Ermes         ,Bergoglio     ,05/01/1947 ,caterina50@gentilini.eu
      283 ,Antonio       ,Ariasso       ,18/03/1948 ,caccianemicoelisa@virgilio.it
      284 ,Nadia         ,Prada         ,01/10/1994 ,loredanabello@tim.it
      285 ,Pietro        ,Chiesa        ,05/03/1974 ,milofarinelli@cuomo.it
      286 ,Stefani       ,Treves        ,04/08/2005 ,uleopardi@cassara.com
      287 ,Silvestro     ,Pizzamano     ,25/10/1994 ,ferraraelena@emanuelli.com
      288 ,Martina       ,Taliani       ,13/02/1988 ,boldubarbara@alice.it
      289 ,Serena        ,Belletini     ,30/06/1957 ,brienzo@sinisi.com
      290 ,Pellegrino    ,Falloppio     ,18/03/1970 ,ramona72@piovani.org
      291 ,Viridiana     ,Zacchia       ,21/01/1959 ,angelica72@gmail.com
      292 ,Pasquale      ,Interiano     ,08/02/1945 ,wfranzese@mazzocchi-tebaldi.com
      293 ,Alberto       ,Toninelli     ,17/12/1966 ,arnulfo93@hotmail.com
      294 ,Laureano      ,Maggioli      ,25/03/1959 ,germanomarcantonio@gabrieli.org
      295 ,Rosa          ,Brambilla     ,27/05/2002 ,nicolinigiacomo@live.com
      296 ,Pierina       ,Barese        ,09/08/1955 ,domenicoaloisio@saragat-innocenti.org
      297 ,Vanessa       ,Barzini       ,22/03/1970 ,eprodi@lerner.com
      298 ,Oreste        ,Giolitti      ,09/10/1984 ,livio20@gmail.com
      299 ,Raffaele      ,Zito          ,22/06/1962 ,mocciaemilio@giannetti.org
      300 ,Licia         ,Rosiello      ,22/10/2005 ,jfo@malaparte.it
      301 ,Gionata       ,Interminei    ,29/04/1962 ,alessandra08@nonis.it
      302 ,Stella        ,Verri         ,01/05/1977 ,qdulbecco@veltroni.it
      303 ,Angelina      ,Morucci       ,09/06/1974 ,lucreziacadorna@tim.it
      304 ,Gianmarco     ,Orsini        ,03/02/1940 ,biagiamedeo@trussardi.it
      305 ,Fabio         ,Guarneri      ,26/02/2004 ,mbonolis@calbo-guarneri.net
      306 ,Matilda       ,Guarana       ,27/01/2000 ,porcellatolidia@yahoo.com
      307 ,Paulina       ,Crespi        ,10/02/1982 ,dbasadonna@tele2.it
      308 ,Ruggero       ,Leonardi      ,27/02/2005 ,trincavellidiana@yahoo.com
      309 ,Danilo        ,Pavanello     ,19/11/2005 ,aloisiovincentio@nicoletti.eu
      310 ,Martina       ,Rensi         ,05/10/1945 ,alderanoiannelli@galuppi.it
      311 ,Danilo        ,Chindamo      ,02/05/1952 ,natalia47@lupo.com
      312 ,Gabriele      ,Finotto       ,23/06/1968 ,kflaiano@petrucelli.net
      313 ,Piergiuseppe  ,Taliani       ,17/06/1968 ,htravaglia@roncalli-martinelli.it
      314 ,Panfilo       ,Inzaghi       ,13/07/1937 ,cibinvincenza@tartini-paganini.eu
      315 ,Elena         ,Trevisan      ,21/03/1982 ,morlacchiraffaella@calbo.it
      316 ,Maria         ,Martucci      ,27/02/1985 ,wmoretti@trillini.it
      317 ,Alessia       ,Calbo         ,15/09/1947 ,martino44@fastwebnet.it
      318 ,Galasso       ,Bettoni       ,08/12/1996 ,aldomajewski@libero.it
      319 ,Luciana       ,Mondadori     ,23/01/1951 ,florafischetti@roccabonella-curatoli.it
      320 ,Agostino      ,Pascarella    ,02/01/1997 ,costanzo86@tiscali.it
      321 ,Amadeo        ,Dallara       ,19/07/1982 ,cassandra38@gmail.com
      322 ,Bruno         ,Muratori      ,08/12/1932 ,bviola@monte.com
      323 ,Imelda        ,Casadei       ,23/03/1935 ,michela18@simeoni-morricone.org
      324 ,Vito          ,Verga         ,26/10/1974 ,flaianomargherita@rizzo.it
      325 ,Armando       ,Giradello     ,06/11/1957 ,alessia45@tiscali.it
      326 ,Ernesto       ,Tafuri        ,10/02/1934 ,igozzi@fastwebnet.it
      327 ,Mercedes      ,Emo           ,13/01/1989 ,loredana56@live.com
      328 ,Fortunata     ,Michelangeli  ,04/05/1951 ,ugarrone@tim.it
      329 ,Edoardo       ,Tropea        ,07/03/1950 ,matildapinamonte@tiscali.it
      330 ,Enzo          ,Brichese      ,01/04/1950 ,giampiero32@agazzi.eu
      331 ,Leopoldo      ,Niggli        ,22/09/1962 ,naccarimartino@serlupi.it
      332 ,Laura         ,Fittipaldi    ,21/07/1950 ,umbertoboezio@schiaparelli.it
      333 ,Giuliana      ,Belletini     ,24/02/1943 ,hugoflorio@gmail.com
      334 ,Ettore        ,Finetti       ,29/08/1983 ,enzocivaschi@righi.it
      335 ,Girolamo      ,Trebbi        ,19/08/1995 ,gozzieleanora@montessori-miniati.org
      336 ,Griselda      ,Ferraris      ,22/12/1988 ,foaernesto@vodafone.it
      337 ,Vito          ,Miniati       ,29/05/1991 ,borronivanessa@filzi-carpaccio.it
      338 ,Ciro          ,Filippelli    ,02/06/1998 ,alonzililiana@migliaccio-chechi.org
      339 ,Antonio       ,Bajamonti     ,26/07/1987 ,giacomo54@iannuzzi-scalfaro.eu
      340 ,Roberto       ,Cimarosa      ,24/07/1975 ,lucioborgia@zoppetti.com
      341 ,Pietro        ,Ricci         ,29/05/1996 ,igovoni@vodafone.it
      342 ,Salvi         ,Bandello      ,25/04/1998 ,piccioubaldo@ceci.it
      343 ,Armando       ,Rinaldi       ,15/02/1957 ,eleanora06@vodafone.it
      344 ,Daniele       ,Luzi          ,17/07/1976 ,combonipasquale@goldoni.com
      345 ,Guido         ,Collodi       ,08/03/1989 ,jtreccani@tiscali.it
      346 ,Riccardo      ,Trebbi        ,07/08/1991 ,corcostina@fastwebnet.it
      347 ,Roman         ,Beffa         ,29/05/1936 ,milo78@gmail.com
      348 ,Fernanda      ,Trentin       ,09/04/1937 ,olibonimarissa@vodafone.it
      349 ,Corrado       ,Ariasso       ,17/09/1989 ,giuseppina35@paganini.it
      350 ,Dolores       ,Interminelli  ,21/10/1957 ,dinononis@gmail.com
      351 ,Stella        ,Cimarosa      ,15/07/2001 ,nolcinigraziella@guarato-bosurgi.net
      352 ,Rosa          ,Faugno        ,01/07/2001 ,jolandamontessori@vodafone.it
      353 ,Tonia         ,Esposito      ,22/05/1976 ,fariosto@ciampi.it
      354 ,Gianna        ,Orlando       ,14/04/1951 ,palumboramona@franscini.it
      355 ,Loredana      ,Ferrari       ,23/04/1958 ,mercatisonia@libero.it
      356 ,Gabriella     ,Iannucci      ,12/12/1943 ,calvofiorino@visconti-viola.com
      357 ,Nicola        ,Verga         ,17/02/1968 ,ymontessori@vodafone.it
      358 ,Nicolò        ,Lettiere      ,14/09/1950 ,leone14@yahoo.com
      359 ,Evangelista   ,Avogadro      ,25/06/1939 ,navoneletizia@yahoo.com
      360 ,Clelia        ,Infantino     ,02/12/1948 ,simonetta76@chindamo-pisani.it
      361 ,Gianfranco    ,Basso         ,02/04/1998 ,fulvio52@poste.it
      362 ,Gioffre       ,Foà           ,28/07/1994 ,viridianarandazzo@ferraris.net
      363 ,Giorgia       ,Trebbi        ,10/12/1993 ,manzonimartina@giulietti.it
      364 ,Giulia        ,Quasimodo     ,01/03/1953 ,visintiniserafina@tim.it
      365 ,Piero         ,Tosto         ,03/08/1938 ,bmastandrea@gentileschi.org
      366 ,Luigina       ,Luria         ,22/06/1951 ,tonino80@gmail.com
      367 ,Ignazio       ,Visintini     ,29/12/1981 ,leonardopagnotto@tele2.it
      368 ,Silvia        ,Golino        ,09/01/1937 ,evangelista87@gatto.com
      369 ,Beatrice      ,Fiorucci      ,10/10/1997 ,amaliabuscetta@pugliese.net
      370 ,Federica      ,Pasolini      ,18/02/1973 ,smantegazza@piane.it
      371 ,Marcello      ,Caboto        ,15/08/1942 ,ugrifeo@surian.it
      372 ,Guido         ,Ricci         ,13/06/1990 ,xdovara@libero.it
      373 ,Franco        ,Scarpetta     ,08/05/1940 ,amandacasini@monduzzi.com
      374 ,Ivan          ,Sansoni       ,02/12/1968 ,nico42@live.com
      375 ,Maria         ,Pederiva      ,11/11/1986 ,leonegemito@libero.it
      376 ,Damiano       ,Procacci      ,28/07/1981 ,persicomonica@hotmail.it
      377 ,Osvaldo       ,Costalonga    ,28/06/1950 ,rrenzi@tin.it
      378 ,Margherita    ,Morellato     ,23/09/2000 ,fcundari@santorio.com
      379 ,Claudia       ,Migliaccio    ,15/10/1949 ,mgrimani@libero.it
      380 ,Griselda      ,Bottaro       ,19/04/1953 ,toni36@libero.it
      381 ,Elvira        ,Ammaniti      ,08/02/1971 ,tremontigiuseppe@yahoo.com
      382 ,Luciana       ,Trentini      ,14/10/1946 ,virginia44@maffei-sbarbaro.net
      383 ,Laureano      ,Morgagni      ,03/07/1982 ,castionibianca@yahoo.com
      384 ,Lauretta      ,Scarlatti     ,04/02/1963 ,cesaronigian@beffa.org
      385 ,Loredana      ,Nicoletti     ,18/12/1943 ,xbabato@libero.it
      386 ,Melina        ,Gori          ,05/06/1982 ,napoleone18@vodafone.it
      387 ,Lisa          ,Torricelli    ,14/02/1940 ,ottone70@vodafone.it
      388 ,Beatrice      ,Renault       ,30/08/1972 ,bsibilia@tin.it
      389 ,Saverio       ,Vergerio      ,23/12/1973 ,evacibin@galilei.it
      390 ,Liliana       ,Sonnino       ,08/05/1987 ,scarlattiadelmo@alice.it
      391 ,Manuel        ,Antelami      ,01/04/1994 ,cleliaramazzotti@outlook.com
      392 ,Griselda      ,Peano         ,27/01/1965 ,hvanvitelli@luxardo.org
      393 ,Martino       ,Boldù         ,11/09/1995 ,lucrezia72@outlook.com
      394 ,Gloria        ,Mastroianni   ,10/01/1979 ,flaviosanti@tim.it
      395 ,Gianni        ,Zoppetto      ,24/05/1960 ,adriano94@guarneri-briccialdi.org
      396 ,Fabrizio      ,Cossiga       ,05/11/1943 ,alessia50@live.com
      397 ,Antonella     ,Trevisan      ,12/04/1963 ,jpiane@tim.it
      398 ,Silvio        ,Duodo         ,05/04/1961 ,morandinifederica@alice.it
      399 ,Camillo       ,Cutrufo       ,29/12/1981 ,camilla94@trupiano-caccianemico.eu
      400 ,Lodovico      ,Morellato     ,26/03/1938 ,finettiannibale@fastwebnet.it
      401 ,Ernesto       ,Sonnino       ,28/11/1968 ,giancarlomaffei@castiglione-grasso.it
      402 ,Lando         ,Innocenti     ,22/11/1987 ,ricciotti33@live.com
      403 ,Lodovico      ,Murri         ,02/11/1941 ,elucchesi@hotmail.com
      404 ,Benito        ,Ughi          ,29/07/1940 ,piersanti89@libero.it
      405 ,Niccolò       ,Catalano      ,06/09/1954 ,menneafiorino@gmail.com
      406 ,Angelo        ,Ricolfi       ,07/04/1976 ,renaultseverino@paganini-carli.com
      407 ,Luciana       ,Borromini     ,03/07/1953 ,filippabajamonti@bixio-foa.it
      408 ,Nadia         ,Meucci        ,23/01/1937 ,albertofermi@altera.com
      409 ,Gianluca      ,Cociarelli    ,19/03/1976 ,atirabassi@galuppi.com
      410 ,Ezio          ,Piovani       ,10/12/1979 ,adrianopassalacqua@forza.com
      411 ,Panfilo       ,Longhena      ,19/02/1984 ,concetta42@gmail.com
      412 ,Enzo          ,Lippomano     ,27/06/1956 ,anita98@panzera.it
      413 ,Adele         ,Armani        ,25/12/1998 ,rosselliniraffaellino@antonelli.com
      414 ,Martino       ,Eco           ,05/02/1984 ,bosioleonardo@tartaglia-iannuzzi.it
      415 ,Marcello      ,Bassi         ,13/03/1973 ,ungarettigustavo@gigli.it
      416 ,Margherita    ,Borromini     ,26/05/1998 ,badoergianluca@gmail.com
      417 ,Michelangelo  ,Collina       ,12/12/1945 ,egualtieri@virgilio.it
      418 ,Liana         ,Sermonti      ,01/06/1992 ,calcedonio31@libero.it
      419 ,Mirko         ,Vento         ,31/10/1968 ,pierluigi90@tiscali.it
      420 ,Gioacchino    ,Palladio      ,26/04/1936 ,ottavioendrizzi@hotmail.it
      421 ,Massimiliano  ,Ruggeri       ,10/03/1975 ,agostinoredi@libero.it
      422 ,Dino          ,Zamengo       ,26/11/1962 ,pmorlacchi@agostinelli-turchi.org
      423 ,Ramona        ,Cendron       ,22/04/1953 ,margheritasaffi@vodafone.it
      424 ,Beatrice      ,Sinisi        ,16/07/1935 ,rolando07@tele2.it
      425 ,Rosa          ,Giannini      ,27/07/1989 ,sandra32@monicelli.com
      426 ,Gabriella     ,Terragni      ,02/09/1934 ,vincentiometella@castelli.it
      427 ,Licia         ,Cardano       ,19/01/1938 ,vorsini@tim.it
      428 ,Laura         ,Rosiello      ,09/11/1940 ,eburcardo@libero.it
      429 ,Dolores       ,Cimarosa      ,28/01/1956 ,goldsteinfiorino@outlook.com
      430 ,Lucio         ,Ricci         ,28/10/1976 ,nievotiziana@bianchini.it
      431 ,Liberto       ,Franceschi    ,09/11/1986 ,marinagianinazzi@tim.it
      432 ,Renzo         ,Vittadello    ,22/06/1935 ,chiappettacesare@hotmail.com
      433 ,Ermenegildo   ,Goldoni       ,07/09/1939 ,muratorinedda@libero.it
      434 ,Nicolò        ,Tomasini      ,23/09/2000 ,nanni72@bettoni-lettiere.it
      435 ,Dino          ,Cuomo         ,21/08/1980 ,jcalgari@luxardo.net
      436 ,Natalia       ,Morgagni      ,24/10/1986 ,alphons98@tiepolo.it
      437 ,Melina        ,Pasolini      ,15/04/1996 ,concettamarzorati@vodafone.it
      438 ,Fulvio        ,Majewski      ,24/01/1985 ,giustino39@novaro-silvestri.net
      439 ,Panfilo       ,Troisi        ,28/09/1953 ,pcassara@pellico.net
      440 ,Gelsomina     ,Mozart        ,17/04/1972 ,saragatmarco@montalcini-basso.org
      441 ,Rolando       ,Morricone     ,24/07/1977 ,uberto74@caironi-caetani.com
      442 ,Biagio        ,Bossi         ,06/12/1982 ,dcimarosa@gmail.com
      443 ,Vincenzo      ,Tassoni       ,03/09/1971 ,nalonzi@libero.it
      444 ,Lina          ,Luna          ,13/10/1935 ,antonia40@libero.it
      445 ,Pierpaolo     ,Jilani        ,26/07/1954 ,pasqual97@morpurgo.com
      446 ,Paola         ,Iadanza       ,05/12/1933 ,michelettiamico@riccardi-tencalla.eu
      447 ,Pasqual       ,Vittadello    ,12/12/1940 ,umoneta@rizzoli-desio.it
      448 ,Martino       ,Paoletti      ,12/12/1944 ,gioele00@casaleggio.com
      449 ,Gianni        ,Mercantini    ,12/09/2004 ,ennio07@luciani-semitecolo.net
      450 ,Gastone       ,Ferretti      ,30/10/1984 ,yleone@miniati-belletini.it
      451 ,Adele         ,Luna          ,05/07/1934 ,livio26@gmail.com
      452 ,Durante       ,Rubbia        ,04/07/1983 ,utrotta@virgilio.it
      453 ,Stefano       ,Polesel       ,07/11/1990 ,riccardogozzano@zaccardo.it
      454 ,Roberta       ,Loredan       ,25/05/1966 ,camiscionevalerio@camicione.org
      455 ,Geronimo      ,Rocca         ,20/10/1944 ,xbabati@tamburello.com
      456 ,Damiano       ,Iannucci      ,24/08/1947 ,bassimassimiliano@toscani.it
      457 ,Luigina       ,Bignardi      ,27/04/1980 ,atenulfbellocchio@renier.com
      458 ,Ida           ,Ziani         ,16/09/2003 ,qcolletti@alice.it
      459 ,Fausto        ,Romiti        ,09/06/2000 ,martaangiolello@alice.it
      460 ,Paride        ,Gregori       ,20/02/1984 ,nmarangoni@pedrazzini.com
      461 ,Beatrice      ,Orengo        ,27/03/1979 ,lfagotto@tim.it
      462 ,Damiano       ,Nicolucci     ,22/12/1960 ,piero23@roero.it
      463 ,Lolita        ,Guinizzelli   ,06/09/1933 ,napoleonebabbo@ciampi.com
      464 ,Donato        ,Lovato        ,15/05/1993 ,bgiulietti@hotmail.com
      465 ,Armando       ,Pasolini      ,19/12/1977 ,nmazzeo@liguori.org
      466 ,Pasquale      ,Cuda          ,17/07/1937 ,costanzoventuri@gmail.com
      467 ,Umberto       ,Sagnelli      ,28/12/1961 ,gianninidomenico@outlook.com
      468 ,Daniele       ,Querini       ,10/10/1953 ,ybocelli@vodafone.it
      469 ,Lorenzo       ,Delle         ,09/11/1940 ,uceci@campanella-munari.com
      470 ,Luca          ,Pedroni       ,04/11/1941 ,leonardibiagio@traetta.eu
      471 ,Nino          ,Tolentino     ,01/01/2000 ,livioamato@cabrini.it
      472 ,Eva           ,Rienzo        ,03/10/1986 ,mbignardi@vanvitelli-ottino.it
      473 ,Alina         ,Mazzacurati   ,09/11/1994 ,mezzettaliberto@vodafone.it
      474 ,Mattia        ,Borromini     ,17/02/1996 ,lambertovenditti@tiscali.it
      475 ,Gianna        ,Omma          ,14/08/1996 ,gdandolo@alice.it
      476 ,Atenulf       ,Cimarosa      ,29/05/1965 ,calogero66@palazzo-fantini.it
      477 ,Giulio        ,Petrocelli    ,20/12/1973 ,seddiodino@prodi.com
      478 ,Saverio       ,Majewski      ,03/11/1970 ,biagielisa@monduzzi-storladi.it
      479 ,Massimo       ,Venditti      ,20/09/2005 ,gattojacopo@vodafone.it
      480 ,Pierpaolo     ,Inzaghi       ,24/10/1969 ,victoria25@argento.org
      481 ,Rosa          ,Tozzo         ,22/12/1954 ,pasquale82@rosiello-innocenti.it
      482 ,Angelo        ,Totino        ,07/09/1941 ,visintinigianna@torlonia.net
      483 ,Umberto       ,Badoer        ,12/01/1966 ,virginia04@fastwebnet.it
      484 ,Pierangelo    ,Leonetti      ,11/02/1951 ,aquasimodo@berengario.it
      485 ,Bartolomeo    ,Cimini        ,08/11/1959 ,farinaliana@alice.it
      486 ,Mirko         ,Gemito        ,19/01/1934 ,danielepaolini@malacarne-bocelli.it
      487 ,Maurizio      ,Bonino        ,30/01/1934 ,procaccisylvia@porcellato-brugnaro.it
      488 ,Rembrandt     ,Leone         ,08/02/1996 ,ippazio03@libero.it
      489 ,Marissa       ,Stein         ,09/06/1937 ,salgaribenedetto@aulenti-tomasetti.it
      490 ,Carmelo       ,Morrocco      ,05/07/1965 ,santelombroso@dossetti.it
      491 ,Massimo       ,Strangio      ,29/09/1973 ,ronaldo47@petrassi.it
      492 ,Michela       ,Sokolov       ,23/02/1967 ,cileachiara@barese.it
      493 ,Giuseppe      ,Biagiotti     ,03/07/1940 ,nvecellio@villadicani-bocelli.com
      494 ,Franco        ,Falcone       ,31/10/2004 ,venanciolippomano@marenzio.com
      495 ,Daniele       ,Serlupi       ,20/12/1985 ,annibalecendron@cherubini-speri.it
      496 ,Paulina       ,Boccherini    ,04/03/2000 ,giacobbe13@tele2.it
      497 ,Sabatino      ,Ovadia        ,19/06/1972 ,pietrocutrufo@gmail.com
      498 ,Melissa       ,Quasimodo     ,04/03/1965 ,bvasari@tele2.it
      499 ,Margherita    ,Interminelli  ,09/03/1977 ,fabriziodalla@sismondi.it
      500 ,Margherita    ,Calvo         ,14/06/1935 ,zfogazzaro@gmail.com
      501 ,Aurora        ,Babato        ,04/01/1939 ,oguglielmi@libero.it
      502 ,Filippo       ,Pepe          ,01/04/1977 ,amedeo73@murri.net
      503 ,Lamberto      ,Sibilia       ,17/01/1990 ,melissa10@scotti.it
      504 ,Jacopo        ,Argurio       ,18/05/1986 ,ippaziotomei@tiscali.it
      505 ,Giorgia       ,Bellò         ,21/01/1982 ,biannelli@gmail.com
      506 ,Gilberto      ,Maderna       ,17/09/1954 ,dinabeccheria@fantozzi.com
      507 ,Napoleone     ,Gregorio      ,17/03/1983 ,fausto81@galilei.org
      508 ,Lazzaro       ,Palumbo       ,01/12/1941 ,qmarino@hotmail.com
      509 ,Arsenio       ,Travaglio     ,27/12/1967 ,callegaroluciana@trebbi.org
      510 ,Alessia       ,Agostinelli   ,10/03/1968 ,luiginamorrocco@libero.it
      511 ,Gloria        ,Perozzo       ,14/02/1945 ,lodovicobaroffio@libero.it
      512 ,Mercedes      ,Dovara        ,29/03/1967 ,agazzialessandro@bianchi.it
      513 ,Nino          ,Surian        ,08/11/1952 ,nittonatalia@bruno.net
      514 ,Nino          ,Cannizzaro    ,11/03/1983 ,malenchiniguglielmo@vismara.com
      515 ,Ettore        ,Giannetti     ,30/05/1951 ,langeli@poste.it
      516 ,Oreste        ,Babati        ,17/10/1973 ,stefano10@tele2.it
      517 ,Nicola        ,Camanni       ,30/12/2002 ,giustinoabatantuono@gmail.com
      518 ,Ugolino       ,Zecchini      ,07/10/1971 ,ysibilia@libero.it
      519 ,Angelina      ,Galeati       ,10/10/1953 ,salatamarcello@guicciardini-donati.it
      520 ,Sabatino      ,Bramante      ,02/04/1997 ,vendrizzi@guariento.it
      521 ,Allegra       ,Vitturi       ,13/05/1960 ,hossani@gmail.com
      522 ,Alberto       ,Casalodi      ,28/04/1937 ,solariimelda@parmitano.com
      523 ,Nicola        ,Gangemi       ,18/09/1964 ,qrenzi@hotmail.com
      524 ,Lucia         ,Rensi         ,23/02/1968 ,valentinasinisi@vodafone.it
      525 ,Adamo         ,Filangieri    ,29/05/1936 ,xcalvo@hotmail.it
      526 ,Ignazio       ,Olivetti      ,24/08/1942 ,ttravaglia@poste.it
      527 ,Antonio       ,Cossiga       ,04/12/1964 ,raffaele76@libero.it
      528 ,Gioele        ,Cugia         ,31/10/1973 ,bellocchioclaudio@poste.it
      529 ,Piero         ,Dellucci      ,25/02/1950 ,gmorandi@tin.it
      530 ,Mercedes      ,Mezzetta      ,10/11/1981 ,tozzicassandra@libero.it
      531 ,Nico          ,Trentin       ,26/08/1973 ,arsenioanguissola@sagese.it
      532 ,Mariana       ,Pepe          ,07/09/1998 ,trapanesepellegrino@tin.it
      533 ,Aurora        ,Salvemini     ,08/01/1969 ,sagredoiolanda@gmail.com
      534 ,Sabatino      ,Corbo         ,11/07/1953 ,nicoeco@tin.it
      535 ,Donna         ,Ziani         ,03/04/1954 ,ornella57@vodafone.it
      536 ,Virginia      ,Opizzi        ,14/01/1999 ,ottoneostinelli@tirabassi.it
      537 ,Aria          ,Borromeo      ,16/08/1999 ,marco58@modigliani.com
      538 ,Ubaldo        ,Bresciani     ,10/10/1974 ,gelsominaspanevello@virgilio.it
      539 ,Erika         ,Pezzali       ,30/10/1979 ,pmastandrea@gritti.it
      540 ,Baldassare    ,Bernardini    ,15/06/1955 ,fiammagolgi@alice.it
      541 ,Margherita    ,Totino        ,12/12/1985 ,gattoornella@franscini.it
      542 ,Gianpaolo     ,Turati        ,03/06/1960 ,costantino94@mozart.org
      543 ,Sophia        ,Grifeo        ,31/07/1999 ,allegrabongiorno@andreozzi.org
      544 ,Enrico        ,Leoncavallo   ,20/06/1970 ,osvaldopizzamano@poste.it
      545 ,Salvi         ,Mancini       ,09/05/2004 ,antoniettamartucci@alice.it
      546 ,Eva           ,Tarchetti     ,03/09/1958 ,renata43@canevascini-zoppetti.net
      547 ,Aria          ,Costanzi      ,02/09/1943 ,adelmo60@bernetti.it
      548 ,Telemaco      ,Fermi         ,10/06/1971 ,fabiobongiorno@hotmail.com
      549 ,Melissa       ,Antelami      ,10/05/1949 ,cferrucci@tim.it
      550 ,Antonino      ,Renzi         ,28/04/1933 ,mercedessagnelli@ferrucci-borsiere.net
      551 ,Sandro        ,Tuzzolino     ,13/04/1958 ,letizia05@tele2.it
      552 ,Antonella     ,Pezzali       ,12/04/1984 ,tizianosaffi@outlook.com
      553 ,Victoria      ,Mengolo       ,11/10/1998 ,lazzaromaggioli@beffa.it
      554 ,Gioachino     ,Fagotto       ,28/06/1966 ,treccanimonica@gmail.com
      555 ,Gioachino     ,Romiti        ,14/02/2002 ,fernanda53@tele2.it
      556 ,Vittoria      ,Cociarelli    ,04/04/1933 ,ruggiero66@depero.it
      557 ,Emilio        ,Cerquiglini   ,15/03/1968 ,mario31@vismara.it
      558 ,Ilaria        ,Lanfranchi    ,26/12/1949 ,kbettoni@gmail.com
      559 ,Lando         ,Tiepolo       ,16/01/1990 ,rosario39@bonomo.com
      560 ,Gianfranco    ,Polizzi       ,05/07/1935 ,ebattisti@libero.it
      561 ,Valentina     ,Romiti        ,13/10/1951 ,sobreroraimondo@libero.it
      562 ,Virgilio      ,Gasperi       ,12/04/1974 ,crispifrancesca@babbo-zoppetto.com
      563 ,Toni          ,Callegaro     ,27/03/1982 ,luisa87@campano-moneta.it
      564 ,Giuliana      ,Vigorelli     ,11/06/1976 ,dvigorelli@gmail.com
      565 ,Vanessa       ,Venditti      ,06/12/1940 ,mgiulietti@trebbi.it
      566 ,Emma          ,Cossiga       ,16/04/1990 ,irma57@gmail.com
      567 ,Gianpaolo     ,Trillini      ,06/01/1964 ,ntoscani@libero.it
      568 ,Raffaele      ,Perini        ,21/11/1976 ,bfioravanti@alice.it
      569 ,Giuseppina    ,Tedesco       ,09/11/1980 ,temistocledellucci@hotmail.it
      570 ,Tullio        ,Borsiere      ,29/12/2004 ,zvirgilio@libero.it
      571 ,Bruno         ,Ferrante      ,05/02/1982 ,mascheroniliana@gmail.com
      572 ,Fabio         ,Ritacca       ,19/08/1969 ,arganfabrizio@poste.it
      573 ,Annetta       ,Scarpa        ,28/12/1968 ,ferraboscogianluigi@tim.it
      574 ,Jolanda       ,Marino        ,23/04/1955 ,brunofulvio@libero.it
      575 ,Gionata       ,Orlando       ,20/01/1933 ,giovannamoschino@beccaria-grossi.it
      576 ,Nanni         ,Battaglia     ,07/06/1992 ,romeotoninelli@gmail.com
      577 ,Ramona        ,Modugno       ,20/10/1977 ,wborrani@vodafone.it
      578 ,Livio         ,Tamburi       ,19/01/1966 ,msansoni@cocci-bianchi.com
      579 ,Giorgia       ,Albertini     ,15/08/1944 ,melissamorpurgo@antonello.com
      580 ,Torquato      ,Borsellino    ,06/10/1938 ,trevisanraffaellino@libero.it
      581 ,Adelasia      ,Veneziano     ,16/08/1958 ,cutuliruggero@zeffirelli.com
      582 ,Gianfranco    ,Cadorna       ,27/08/2002 ,kcilibrasi@tiscali.it
      583 ,Milena        ,Navone        ,07/01/1980 ,pierangelo73@giannini-coppola.it
      584 ,Romana        ,Tarantino     ,13/03/1942 ,bruno88@balbi.net
      585 ,Corrado       ,Muratori      ,07/05/1967 ,massimiliano88@sabatini-nordio.org
      586 ,Gianpaolo     ,Bosio         ,26/11/1953 ,fredobrancaccio@tanzini.it
      587 ,Jolanda       ,Burcardo      ,19/02/1955 ,nina92@nitto-nicolini.com
      588 ,Virgilio      ,Tolentino     ,20/01/2000 ,ornellazampa@simeoni.eu
      589 ,Flavio        ,Papetti       ,15/08/1977 ,kmonduzzi@fastwebnet.it
      590 ,Benvenuto     ,Casale        ,27/05/1949 ,bferrabosco@beccaria.com
      591 ,Alderano      ,Barillaro     ,28/10/2000 ,amedeocherubini@hotmail.com
      592 ,Alessio       ,Gotti         ,21/04/2002 ,renzomigliaccio@vodafone.it
      593 ,Giacinto      ,Righi         ,26/02/1936 ,michelangelo90@trotta-grasso.net
      594 ,Girolamo      ,Dalla         ,18/11/1944 ,gsauro@tim.it
      595 ,Beatrice      ,Tozzi         ,08/02/2003 ,roberto61@saragat.com
      596 ,Valentina     ,Cocci         ,22/01/1951 ,gianluigiandreozzi@virgilio.it
      597 ,Etta          ,Durante       ,04/05/1990 ,federicoschiavo@carnera.it
      598 ,Gianmarco     ,Lucciano      ,17/06/1960 ,foscariraimondo@poste.it
      599 ,Orlando       ,Cagnotto      ,24/11/1933 ,gionata92@bottigliero.com
      600 ,Biagio        ,Iannuzzi      ,01/08/1963 ,gcoppola@tele2.it
      601 ,Francesca     ,Pasolini      ,23/01/1982 ,valeria24@brunello.it
      602 ,Fiamma        ,Navarria      ,10/01/1991 ,riccardo37@raurica.net
      603 ,Goffredo      ,Luciani       ,13/05/1976 ,grecomazzanti@libero.it
      604 ,Enrico        ,Muti          ,01/03/1962 ,winteriano@luria-cuomo.com
      605 ,Dina          ,Ariasso       ,17/03/1978 ,simonettacalvo@satriani.com
      606 ,Hugo          ,Sbarbaro      ,29/02/1980 ,hugo85@riccardi-tosto.it
      607 ,Gastone       ,Catenazzi     ,03/09/1973 ,osvaldo12@tutino.com
      608 ,Coluccio      ,Flaiano       ,09/12/1994 ,enzopedrazzini@fiorucci.eu
      609 ,Giustino      ,Cammarata     ,21/02/1944 ,giulia87@veltroni.it
      610 ,Evangelista   ,Cuomo         ,13/07/1972 ,dbrugnaro@alice.it
      611 ,Ludovico      ,Bocelli       ,23/05/1986 ,lucianafederico@alice.it
      612 ,Marcella      ,Borroni       ,03/10/2004 ,agnolotosi@hotmail.it
      613 ,Carla         ,Majewski      ,10/02/1934 ,jacopo23@gmail.com
      614 ,Ottone        ,Salgari       ,14/06/2003 ,pagnesi@libero.it
      615 ,Erika         ,Rizzo         ,10/03/1996 ,giustino07@tiscali.it
      616 ,Milena        ,Simeoni       ,24/04/1978 ,stella52@manolesso-corcos.it
      617 ,Angelo        ,Brancaccio    ,09/11/1958 ,anecci@pugliese.eu
      618 ,Luchino       ,Boccherini    ,01/07/1983 ,yborrani@romagnoli.com
      619 ,Carolina      ,Tarchetti     ,19/01/1985 ,enzo86@toninelli.eu
      620 ,Alfredo       ,Serao         ,14/11/1941 ,flerner@poste.it
      621 ,Ricciotti     ,Basso         ,05/05/1974 ,gianluigimocenigo@yahoo.com
      622 ,Benvenuto     ,Barzini       ,19/06/1975 ,mmoccia@paoletti-stefanelli.com
      623 ,Dino          ,Gilardoni     ,06/04/1987 ,bartolomeo70@tozzi.net
      624 ,Silvio        ,Monti         ,13/07/1940 ,francescabova@alice.it
      625 ,Goffredo      ,Carfagna      ,09/05/1993 ,ezio49@virgilio.it
      626 ,Chiara        ,Marrone       ,01/04/1988 ,dionigiagnesi@tartini-scaduto.com
      627 ,Martino       ,Spinelli      ,24/09/1970 ,ennio17@calarco-moresi.it
      628 ,Goffredo      ,Marenzio      ,01/12/1997 ,scadutogaetano@live.com
      629 ,Giuliano      ,Bernetti      ,29/09/1960 ,solarigraziano@outlook.com
      630 ,Gemma         ,Capuana       ,07/12/1968 ,dario85@cabrini-bertolucci.it
      631 ,Mariano       ,Ciampi        ,09/09/1934 ,simonettalippomano@gmail.com
      632 ,Luchino       ,Canova        ,16/08/1981 ,tdonatoni@viola-zabarella.it
      633 ,Rosa          ,Antonelli     ,16/03/2002 ,ermes35@gmail.com
      634 ,Elladio       ,Aporti        ,19/03/1995 ,iantonelli@gmail.com
      635 ,Valeria       ,Tuzzolino     ,11/10/1946 ,imelda80@libero.it
      636 ,Filippa       ,Tarantino     ,25/03/2002 ,ludovica56@yahoo.com
      637 ,Ivan          ,Serraglio     ,28/12/1966 ,villadicanirosario@yahoo.com
      638 ,Federigo      ,Modiano       ,09/02/1974 ,bernettilorenzo@mimun.org
      639 ,Giacobbe      ,Storladi      ,02/07/1978 ,alphonssanudo@vodafone.it
      640 ,Anita         ,Tamborini     ,24/04/1937 ,foscarigiacobbe@visintini-querini.eu
      641 ,Pierangelo    ,Columbo       ,21/01/1996 ,jdonatoni@vodafone.it
      642 ,Silvio        ,Pedroni       ,07/02/1957 ,conteermes@poste.it
      643 ,Giulio        ,Leopardi      ,21/01/1938 ,qcammarata@martucci-lattuada.eu
      644 ,Federico      ,Bruscantini   ,19/05/1970 ,doloresmezzetta@tin.it
      645 ,Giacomo       ,Piane         ,19/04/1969 ,rpaolini@pelli-giannuzzi.it
      646 ,Ottavio       ,Burcardo      ,05/07/1955 ,fedelegarzoni@bartoli-boaga.it
      647 ,Melania       ,Leonardi      ,09/05/1985 ,cceravolo@vodafone.it
      648 ,Etta          ,Finotto       ,23/07/1940 ,castiglionegioachino@gmail.com
      649 ,Napoleone     ,Quasimodo     ,23/09/1973 ,sophiaspinola@alice.it
      650 ,Alderano      ,Antonelli     ,30/07/1995 ,oscalfaro@yahoo.com
      651 ,Annalisa      ,Pinamonte     ,21/09/1948 ,ricciottiboccaccio@vodafone.it
      652 ,Gioffre       ,Ruggieri      ,12/11/1969 ,evergerio@ferrabosco-giolitti.it
      653 ,Maria         ,Roero         ,29/10/1965 ,parriroman@abba.com
      654 ,Piersanti     ,Balbo         ,25/04/1957 ,sabatino88@orsini-scarlatti.com
      655 ,Marcantonio   ,Comeriato     ,23/05/1992 ,carmelo80@onisto.eu
      656 ,Gianluigi     ,Zamengo       ,17/08/1991 ,tosolicia@libero.it
      657 ,Paoletta      ,Gabrieli      ,30/05/1972 ,xziani@molesini.net
      658 ,Giampiero     ,Bernardini    ,16/05/1941 ,maurilio08@bernardini-vendetti.it
      659 ,Ubaldo        ,Gentilini     ,16/07/1975 ,paolaferrante@fittipaldi.it
      660 ,Bettina       ,Brichese      ,08/08/1937 ,pier77@sibilia.it
      661 ,Griselda      ,Mazzocchi     ,28/11/1980 ,vsgalambro@hotmail.com
      662 ,Ettore        ,Gussoni       ,18/10/1995 ,mantegnabianca@vodafone.it
      663 ,Fedele        ,Endrizzi      ,10/10/1947 ,gioachinocorradi@salandra-lettiere.org
      664 ,Annalisa      ,Bonino        ,19/04/1940 ,oariasso@tiscali.it
      665 ,Matilda       ,Lanfranchi    ,29/08/2003 ,lchittolini@fantozzi.it
      666 ,Pierina       ,Gregorio      ,14/05/1942 ,omoneta@tim.it
      667 ,Renzo         ,Tedesco       ,24/01/2005 ,lianamicheletti@schiavone-bataglia.it
      668 ,Ermenegildo   ,Valmarana     ,06/10/1977 ,nadia02@parisi.it
      669 ,Patrizio      ,Giannetti     ,20/10/2001 ,manacordaluca@forza-giannotti.net
      670 ,Massimo       ,Giannetti     ,02/12/1988 ,michelaspallanzani@libero.it
      671 ,Elladio       ,Cendron       ,13/05/2005 ,ichiappetta@foletti.com
      672 ,Angelina      ,Zanazzo       ,19/07/1941 ,giuntieva@gasperi.it
      673 ,Santino       ,Delle         ,13/05/1933 ,carmelopaganini@abatantuono.it
      674 ,Martino       ,Gozzano       ,08/08/1974 ,federigotrevisan@yahoo.com
      675 ,Atenulf       ,Berengario    ,09/10/1999 ,pasqual39@franscini.it
      676 ,Benvenuto     ,Opizzi        ,22/12/1942 ,andreozzisandro@tiscali.it
      677 ,Sandro        ,Tozzo         ,27/11/1955 ,silvio54@binaghi-ricciardi.it
      678 ,Arturo        ,Tremonti      ,10/03/1945 ,qsegni@outlook.com
      679 ,Fredo         ,Borgia        ,13/07/2000 ,loredanasalvini@tele2.it
      680 ,Massimiliano  ,Lucchesi      ,19/12/1962 ,soderiniroberta@poste.it
      681 ,Sante         ,Donini        ,09/08/1962 ,lucianoaporti@gmail.com
      682 ,Lauretta      ,Lettiere      ,30/11/1992 ,evaargurio@alice.it
      683 ,Sandro        ,Bellò         ,17/06/1993 ,ennio85@brunello-zaccardo.it
      684 ,Marcello      ,Coardi        ,23/07/1943 ,ronaldo53@virgilio.it
      685 ,Gianmarco     ,Marazzi       ,08/06/1981 ,beccheriamelania@gmail.com
      686 ,Telemaco      ,Argento       ,21/10/1971 ,molesinirita@galtarossa.it
      687 ,Ricciotti     ,Almagià       ,06/08/1945 ,costantino73@libero.it
      688 ,Ninetta       ,Callegari     ,18/03/1940 ,emanuellievangelista@grisoni.net
      689 ,Maria         ,Colletti      ,10/03/1984 ,lisatrevisani@bello-pinamonte.com
      690 ,Paolo         ,Romagnoli     ,25/09/1949 ,giannilupo@tim.it
      691 ,Ruggero       ,Sansoni       ,25/02/1945 ,ptrapani@barberini-piane.it
      692 ,Luca          ,Battisti      ,05/07/1990 ,fabbricostanzo@venier.it
      693 ,Lidia         ,Pulci         ,23/02/2004 ,silvestrotraversa@camanni.com
      694 ,Gioachino     ,Zeffirelli    ,29/01/1935 ,pgatto@rossi.com
      695 ,Dolores       ,Cappelli      ,22/03/1938 ,mastandreastefani@bosurgi.net
      696 ,Gaetano       ,Fioravanti    ,09/01/1968 ,edoardo80@veltroni.com
      697 ,Serafina      ,Martinelli    ,07/01/1992 ,michelottogrisoni@libero.it
      698 ,Piero         ,Pacillo       ,15/02/1974 ,benvenutoantonucci@montalcini-orlando.com
      699 ,Enrico        ,Giannini      ,03/11/1948 ,antonia58@gmail.com
      700 ,Silvestro     ,Cassarà       ,01/10/1954 ,erikarensi@yahoo.com
      701 ,Gianpaolo     ,Pizzo         ,31/07/1981 ,pompeostradivari@alice.it
      702 ,Rosina        ,Garibaldi     ,28/06/1983 ,pasqualfalier@anguillara.it
      703 ,Osvaldo       ,Camicione     ,09/06/1948 ,contarinimauro@gaiatto.eu
      704 ,Ninetta       ,Bassi         ,17/07/1993 ,armandopellico@bembo-lollobrigida.it
      705 ,Coriolano     ,Roth          ,06/04/1980 ,rodolfo90@tiscali.it
      706 ,Eugenia       ,Travaglia     ,03/03/1949 ,tiziano95@mogherini-ariasso.net
      707 ,Federico      ,Aldobrandi    ,08/02/1936 ,rvergassola@outlook.com
      708 ,Alberico      ,Sansoni       ,18/07/1935 ,ermenegildo97@pareto-nicolucci.it
      709 ,Adamo         ,Grasso        ,03/10/1995 ,fulvioalfonsi@yahoo.com
      710 ,Marina        ,Sagese        ,15/02/2001 ,elmovitturi@maggioli-travaglia.it
      711 ,Gianfrancesco ,Montecchi     ,16/12/1983 ,guglielmo19@gmail.com
      712 ,Marissa       ,Cocci         ,23/04/1939 ,fubaldi@gmail.com
      713 ,Lamberto      ,Lippomano     ,05/11/1995 ,alessia42@tele2.it
      714 ,Maurizio      ,Rossi         ,25/02/1980 ,valentina04@tutino-anguissola.com
      715 ,Piergiuseppe  ,Niscoromni    ,30/04/1954 ,usbarbaro@milanesi-caboto.it
      716 ,Alessia       ,Fiorucci      ,02/06/1967 ,irmasaffi@cherubini.com
      717 ,Niccolò       ,Capecchi      ,23/01/1951 ,rpetralli@nadi-leblanc.org
      718 ,Maurizio      ,Belletini     ,25/03/2003 ,ctasca@turati.eu
      719 ,Bianca        ,Solari        ,28/01/2003 ,mmorosini@loredan-nitti.it
      720 ,Alfredo       ,Corcos        ,13/12/1984 ,apizzetti@libero.it
      721 ,Giorgio       ,Corcos        ,02/04/1997 ,yricciardi@live.com
      722 ,Gioffre       ,Bonomo        ,16/06/1967 ,cerquiglinistefani@duodo.it
      723 ,Santino       ,Marini        ,14/10/1935 ,lpederiva@libero.it
      724 ,Fredo         ,Brancaccio    ,21/01/1992 ,eroth@boccioni.org
      725 ,Germana       ,Gozzi         ,10/02/1996 ,vferrabosco@celentano-costalonga.net
      726 ,Zaira         ,Mazzanti      ,27/06/2002 ,damiano07@lombardi-sordi.com
      727 ,Flora         ,Longhena      ,07/11/1958 ,odossi@tiscali.it
      728 ,Napoleone     ,Stein         ,02/08/2000 ,sabatiniadele@scarponi-lippomano.com
      729 ,Rita          ,Tarantini     ,16/06/1980 ,girolamovalier@hotmail.it
      730 ,Gianmarco     ,Chiaramonte   ,11/08/1993 ,maurametella@tim.it
      731 ,Romolo        ,Grassi        ,07/08/1944 ,orlando73@tiscali.it
      732 ,Vittoria      ,Garobbio      ,20/01/1966 ,monicellicamillo@libero.it
      733 ,Franco        ,Rossi         ,08/07/1935 ,cassandraliverotti@lattuada.com
      734 ,Adele         ,Marino        ,06/04/1953 ,giuliettatozzi@gmail.com
      735 ,Gelsomina     ,Vezzali       ,03/08/1977 ,vanessaluxardo@virgilio.it
      736 ,Angelo        ,Gozzano       ,02/05/1960 ,bramanteubaldo@raurica.it
      737 ,Carmelo       ,Sauli         ,26/12/1942 ,lodovicomajewski@grossi.it
      738 ,Allegra       ,Iadanza       ,15/04/1934 ,nbaresi@hotmail.com
      739 ,Atenulf       ,Pepe          ,26/09/1976 ,zvalmarana@moneta.com
      740 ,Etta          ,Taliercio     ,03/09/2001 ,laureano12@libero.it
      741 ,Claudia       ,Ferrabosco    ,18/08/2000 ,dmerisi@pedersoli.org
      742 ,Cirillo       ,Guglielmi     ,25/12/1991 ,pier67@gmail.com
      743 ,Gionata       ,Bajardi       ,03/08/1965 ,duranteelmo@lattuada.com
      744 ,Valeria       ,Spanevello    ,20/05/1953 ,vcutuli@mimun.com
      745 ,Baldassare    ,Comeriato     ,19/03/1981 ,bacosicorrado@olivetti-riccati.it
      746 ,Ettore        ,Udinese       ,14/11/1935 ,donna77@andreozzi.com
      747 ,Gianna        ,Scaramucci    ,22/02/1933 ,telemaco02@ricciardi.com
      748 ,Marco         ,Volterra      ,01/03/1979 ,milenaantelami@gmail.com
      749 ,Orazio        ,Telesio       ,22/03/1962 ,romolo83@parisi-trotta.com
      750 ,Gaetano       ,Verri         ,15/01/1967 ,hgiannini@trapani-falloppio.com
      751 ,Cirillo       ,Martinelli    ,08/02/1953 ,armandoboccaccio@tele2.it
      752 ,Romina        ,Favata        ,22/01/1979 ,turrinialderano@gmail.com
      753 ,Lorenzo       ,Trentin       ,19/04/1933 ,martina98@zacchia.com
      754 ,Agostino      ,Micheletti    ,24/01/1960 ,stucchigalasso@gmail.com
      755 ,Raffaele      ,Mazzi         ,09/12/1936 ,udinesegino@alice.it
      756 ,Liberto       ,Porzio        ,07/05/2001 ,bossibaldassare@tim.it
      757 ,Loredana      ,Cabibbo       ,11/01/1945 ,otravaglio@fastwebnet.it
      758 ,Pietro        ,Panzera       ,28/08/1951 ,linagulotta@pascarella.com
      759 ,Napoleone     ,Petrucci      ,25/02/1987 ,savorgnanclaudia@tiscali.it
      760 ,Silvestro     ,Bixio         ,08/06/1952 ,antonelloansaldo@tim.it
      761 ,Flavia        ,Cilibrasi     ,05/07/1968 ,leopardiarsenio@fastwebnet.it
      762 ,Rosa          ,Brunelleschi  ,16/08/1990 ,letiziapirelli@libero.it
      763 ,Giulio        ,Draghi        ,13/12/1965 ,hugo73@yahoo.com
      764 ,Pierpaolo     ,Boccherini    ,15/06/1980 ,camilla53@tin.it
      765 ,Leopoldo      ,Gualtieri     ,07/08/1963 ,toniapellico@polani-vivaldi.eu
      766 ,Maria         ,Cassarà       ,24/05/1990 ,azeglio58@parpinel.it
      767 ,Paola         ,Fermi         ,13/02/1963 ,marcella12@meucci-cherubini.it
      768 ,Nanni         ,Cappelli      ,06/07/1976 ,patrizia80@libero.it
      769 ,Piergiorgio   ,Lercari       ,14/06/1935 ,mozartgiampiero@gmail.com
      770 ,Susanna       ,Acerbi        ,26/01/1937 ,abiagiotti@virgilio.it
      771 ,Elena         ,Sermonti      ,14/12/1975 ,gianfrancesco23@trobbiani.it
      772 ,Michelangelo  ,Curatoli      ,28/02/1967 ,qcutrufo@argentero.eu
      773 ,Annibale      ,Beccheria     ,11/07/1975 ,fabriziosaracino@giannuzzi.it
      774 ,Manuel        ,Fogazzaro     ,18/09/1990 ,jtrentin@virgilio.it
      775 ,Nicola        ,Florio        ,04/04/1971 ,filippobondumier@mantegna-golgi.eu
      776 ,Geronimo      ,Napolitano    ,02/11/1961 ,giuliano62@boldu.com
      777 ,Benito        ,Magnani       ,16/06/1951 ,gionata84@flaiano-garobbio.com
      778 ,Donato        ,Filippelli    ,27/05/1966 ,kgasperi@bataglia.com
      779 ,Pier          ,Jilani        ,17/10/1998 ,vberengario@stefanelli.org
      780 ,Santino       ,Conte         ,22/09/1952 ,raimondo76@tele2.it
      781 ,Giampiero     ,Maglio        ,06/02/1952 ,rgaluppi@carfagna-baggio.it
      782 ,Letizia       ,Infantino     ,05/02/1971 ,loredana36@gmail.com
      783 ,Uberto        ,Spallanzani   ,15/07/1956 ,girolamo45@vespa.org
      784 ,Pierluigi     ,Rensi         ,22/02/1947 ,badoerantonio@outlook.com
      785 ,Uberto        ,Gregori       ,13/06/1987 ,giampiero52@gmail.com
      786 ,Dionigi       ,Ligorio       ,03/05/1990 ,piergiorgioariosto@gmail.com
      787 ,Alessio       ,Murri         ,08/12/1937 ,martina74@giannini.eu
      788 ,Benvenuto     ,Gargallo      ,30/12/1989 ,soniamanacorda@poste.it
      789 ,Luciana       ,Bongiorno     ,17/03/1981 ,wmontanelli@tutino.com
      790 ,Licia         ,Comeriato     ,17/05/2004 ,malaparteraffaele@storladi.net
      791 ,Elena         ,Cesarotti     ,30/05/1962 ,gabbanaguarino@tele2.it
      792 ,Rodolfo       ,Salata        ,24/02/1977 ,tolentinogalasso@outlook.com
      793 ,Flavio        ,Satriani      ,31/12/1970 ,maurascaduto@gmail.com
      794 ,Annibale      ,Perini        ,24/01/1978 ,lombardofederigo@scarpa.it
      795 ,Eleanora      ,Moneta        ,05/04/1994 ,amicocassara@vodafone.it
      796 ,Angelo        ,Guarneri      ,27/03/1978 ,ogoldoni@boito.com
      797 ,Gemma         ,Salvini       ,30/11/1998 ,robertaregge@tim.it
      798 ,Liana         ,Papafava      ,03/02/1990 ,cassandracagnotto@leone.net
      799 ,Susanna       ,Visconti      ,25/04/1979 ,gioelecondoleo@gmail.com
